,dname,chembl_id,smiles,canonical_smi,drug,count,clinical_phase
0,CHEMBL3348928,CHEMBL3348928,CCC1C(C(C(N(CC(CC(C(C(C(C(C(=O)O1)C)OC2CC(C(C(O2)C)O)(C)OC)C)OC3C(C(CC(O3)C)N(C)C)O)(C)O)C)C)C)O)(C)O,CCC1OC(=O)C(C)C(OC2CC(C)(OC)C(O)C(C)O2)C(C)C(OC2OC(C)CC(N(C)C)C2O)C(C)(O)CC(C)CN(C)C(C)C(O)C1(C)O,CCC1OC(=O)C(C)C(OC2CC(C)(OC)C(O)C(C)O2)C(C)C(OC2OC(C)CC(N(C)C)C2O)C(C)(O)CC(C)CN(C)C(C)C(O)C1(C)O,7,0.0
1,Mocetinostat,CHEMBL272980,C1=CC=C(C(=C1)N)NC(=O)C2=CC=C(C=C2)CNC3=NC=CC(=N3)C4=CN=CC=C4,Nc1ccccc1NC(=O)c1ccc(CNc2nccc(-c3cccnc3)n2)cc1,Nc1ccccc1NC(=O)c1ccc(CNc2nccc(-c3cccnc3)n2)cc1,11,2.0
2,PIPERACETAZINE,CHEMBL1584,CC(=O)C1=CC2=C(C=C1)SC3=CC=CC=C3N2CCCN4CCC(CC4)CCO,CC(=O)c1ccc2c(c1)N(CCCN1CCC(CCO)CC1)c1ccccc1S2,CC(=O)c1ccc2c(c1)N(CCCN1CCC(CCO)CC1)c1ccccc1S2,13,4.0
3,Favipiravir,CHEMBL221722,C1=C(N=C(C(=O)N1)C(=O)N)F,NC(=O)c1nc(F)c[nH]c1=O,NC(=O)c1nc(F)c[nH]c1=O,13,3.0
4,1124329-14-1,CHEMBL2140523,CN1CCC(CC1)OC2=CC(=C(C=C2)NC3=NC=C4C(=N3)N(C(=O)N4C)C5CCCC5)OC,COc1cc(OC2CCN(C)CC2)ccc1Nc1ncc2c(n1)n(C1CCCC1)c(=O)n2C,COc1cc(OC2CCN(C)CC2)ccc1Nc1ncc2c(n1)n(C1CCCC1)c(=O)n2C,14,0.0
5,BAY 65-1942,,C1CC(CNC1)C2=CC(=NC3=C2COC(=O)N3)C4=C(C=CC=C4OCC5CC5)O,O=C1Nc2nc(-c3c(O)cccc3OCC3CC3)cc(C3CCCNC3)c2CO1,O=C1Nc2nc(-c3c(O)cccc3OCC3CC3)cc(C3CCCNC3)c2CO1,14,0.0
6,3-Deazaneplanocin,CHEMBL154745,C1=CN=C(C2=C1N(C=N2)C3C=C(C(C3O)O)CO)N,Nc1nccc2c1ncn2C1C=C(CO)C(O)C1O,Nc1nccc2c1ncn2C1C=C(CO)C(O)C1O,16,0.0
7,mycophenolate mofetil,CHEMBL1456,CC1=C(C(=C(C2=C1COC2=O)O)CC=C(C)CCC(=O)OCCN3CCOCC3)OC,COc1c(C)c2c(c(O)c1CC=C(C)CCC(=O)OCCN1CCOCC1)C(=O)OC2,COc1c(C)c2c(c(O)c1CC=C(C)CCC(=O)OCCN1CCOCC1)C(=O)OC2,16,4.0
8,Sertraline hydrochloride,CHEMBL1709,CNC1CCC(C2=CC=CC=C12)C3=CC(=C(C=C3)Cl)Cl.Cl,CNC1CCC(c2ccc(Cl)c(Cl)c2)c2ccccc21,CNC1CCC(c2ccc(Cl)c(Cl)c2)c2ccccc21,16,4.0
9,clomiphene,CHEMBL2355051,CCN(CC)CCOC1=CC=C(C=C1)C(=C(C2=CC=CC=C2)Cl)C3=CC=CC=C3,CCN(CC)CCOc1ccc(C(=C(Cl)c2ccccc2)c2ccccc2)cc1,CCN(CC)CCOc1ccc(C(=C(Cl)c2ccccc2)c2ccccc2)cc1,16,4.0
10,Aripiprazole,CHEMBL1112,C1CC(=O)NC2=C1C=CC(=C2)OCCCCN3CCN(CC3)C4=C(C(=CC=C4)Cl)Cl,O=C1CCc2ccc(OCCCCN3CCN(c4cccc(Cl)c4Cl)CC3)cc2N1,O=C1CCc2ccc(OCCCCN3CCN(c4cccc(Cl)c4Cl)CC3)cc2N1,16,4.0
11,colchicine,CHEMBL107,CC(=O)NC1CCC2=CC(=C(C(=C2C3=CC=C(C(=O)C=C13)OC)OC)OC)OC,COc1cc2c(c(OC)c1OC)-c1ccc(OC)c(=O)cc1C(NC(C)=O)CC2,COc1cc2c(c(OC)c1OC)-c1ccc(OC)c(=O)cc1C(NC(C)=O)CC2,16,4.0
12,1201902-80-8,CHEMBL1813256,B1(OC(=O)CC(O1)(CC(=O)O)C(=O)O)C(CC(C)C)NC(=O)CNC(=O)C2=C(C=CC(=C2)Cl)Cl,CC(C)CC(NC(=O)CNC(=O)c1cc(Cl)ccc1Cl)B1OC(=O)CC(CC(=O)O)(C(=O)O)O1,CC(C)CC(NC(=O)CNC(=O)c1cc(Cl)ccc1Cl)B1OC(=O)CC(CC(=O)O)(C(=O)O)O1,17,3.0
13,homoharringtonine,CHEMBL46286,CC(C)(CCCC(CC(=O)OC)(C(=O)OC1C2C3=CC4=C(C=C3CCN5C2(CCC5)C=C1OC)OCO4)O)O,COC(=O)CC(O)(CCCC(C)(C)O)C(=O)OC1C(OC)=CC23CCCN2CCc2cc4c(cc2C13)OCO4,COC(=O)CC(O)(CCCC(C)(C)O)C(=O)OC1C(OC)=CC23CCCN2CCc2cc4c(cc2C13)OCO4,17,4.0
14,PF-3758309,CHEMBL3128043,CC1=NC2=C(C(=N1)NC3=NNC4=C3CN(C4(C)C)C(=O)NC(CN(C)C)C5=CC=CC=C5)SC=C2,Cc1nc(Nc2n[nH]c3c2CN(C(=O)NC(CN(C)C)c2ccccc2)C3(C)C)c2sccc2n1,Cc1nc(Nc2n[nH]c3c2CN(C(=O)NC(CN(C)C)c2ccccc2)C3(C)C)c2sccc2n1,17,1.0
15,TOREMIFENE CITRATE,CHEMBL1200675,CN(C)CCOC1=CC=C(C=C1)C(=C(CCCl)C2=CC=CC=C2)C3=CC=CC=C3.C(C(=O)O)C(CC(=O)O)(C(=O)O)O,CN(C)CCOc1ccc(C(=C(CCCl)c2ccccc2)c2ccccc2)cc1.O=C(O)CC(O)(CC(=O)O)C(=O)O,CN(C)CCOc1ccc(C(=C(CCCl)c2ccccc2)c2ccccc2)cc1.O=C(O)CC(O)(CC(=O)O)C(=O)O,18,4.0
16,Apilimod,,CC1=CC=CC(=C1)/C=N/NC2=NC(=NC(=C2)N3CCOCC3)OCCC4=CC=CC=N4,Cc1cccc(/C=N/Nc2cc(N3CCOCC3)nc(OCCc3ccccn3)n2)c1,Cc1cccc(/C=N/Nc2cc(N3CCOCC3)nc(OCCc3ccccn3)n2)c1,19,2.0
17,ceritinib,CHEMBL2403108,CC1=CC(=C(C=C1C2CCNCC2)OC(C)C)NC3=NC=C(C(=N3)NC4=CC=CC=C4S(=O)(=O)C(C)C)Cl,Cc1cc(Nc2ncc(Cl)c(Nc3ccccc3S(=O)(=O)C(C)C)n2)c(OC(C)C)cc1C1CCNCC1,Cc1cc(Nc2ncc(Cl)c(Nc3ccccc3S(=O)(=O)C(C)C)n2)c(OC(C)C)cc1C1CCNCC1,19,4.0
18,CUDC-907,CHEMBL3622533,CN(CC1=CC2=C(S1)C(=NC(=N2)C3=CN=C(C=C3)OC)N4CCOCC4)C5=NC=C(C=N5)C(=O)NO,COc1ccc(-c2nc(N3CCOCC3)c3sc(CN(C)c4ncc(C(=O)NO)cn4)cc3n2)cn1,COc1ccc(-c2nc(N3CCOCC3)c3sc(CN(C)c4ncc(C(=O)NO)cn4)cc3n2)cn1,19,2.0
19,Cobimetinib (R-enantiomer),,C1CCNC(C1)C2(CN(C2)C(=O)C3=C(C(=C(C=C3)F)F)NC4=C(C=C(C=C4)I)F)O,O=C(c1ccc(F)c(F)c1Nc1ccc(I)cc1F)N1CC(O)(C2CCCCN2)C1,O=C(c1ccc(F)c(F)c1Nc1ccc(I)cc1F)N1CC(O)(C2CCCCN2)C1,22,0.0
20,SCH772984,CHEMBL3590107,C1CN(CC1C(=O)NC2=CC3=C(C=C2)NN=C3C4=CC=NC=C4)CC(=O)N5CCN(CC5)C6=CC=C(C=C6)C7=NC=CC=N7,O=C(Nc1ccc2[nH]nc(-c3ccncc3)c2c1)C1CCN(CC(=O)N2CCN(c3ccc(-c4ncccn4)cc3)CC2)C1,O=C(Nc1ccc2[nH]nc(-c3ccncc3)c2c1)C1CCN(CC(=O)N2CCN(c3ccc(-c4ncccn4)cc3)CC2)C1,24,0.0
21,Belinostat(Random Configuration),CHEMBL3392649,C1=CC=C(C=C1)NS(=O)(=O)C2=CC=CC(=C2)C=CC(=O)NO,O=C(C=Cc1cccc(S(=O)(=O)Nc2ccccc2)c1)NO,O=C(C=Cc1cccc(S(=O)(=O)Nc2ccccc2)c1)NO,25,0.0
22,"3-(2,6-dichloro-3,5-dimethoxy-phenyl)-1-[6-[4-(4-ethylpiperazin-1-yl)anilino]pyrimidin-4-yl]-1-methyl-urea",CHEMBL1852688,CCN1CCN(CC1)C2=CC=C(C=C2)NC3=CC(=NC=N3)N(C)C(=O)NC4=C(C(=CC(=C4Cl)OC)OC)Cl,CCN1CCN(c2ccc(Nc3cc(N(C)C(=O)Nc4c(Cl)c(OC)cc(OC)c4Cl)ncn3)cc2)CC1,CCN1CCN(c2ccc(Nc3cc(N(C)C(=O)Nc4c(Cl)c(OC)cc(OC)c4Cl)ncn3)cc2)CC1,25,2.0
23,BMS-754807,CHEMBL575448,CC1(CCCN1C2=NN3C=CC=C3C(=N2)NC4=NNC(=C4)C5CC5)C(=O)NC6=CN=C(C=C6)F,CC1(C(=O)Nc2ccc(F)nc2)CCCN1c1nc(Nc2cc(C3CC3)[nH]n2)c2cccn2n1,CC1(C(=O)Nc2ccc(F)nc2)CCCN1c1nc(Nc2cc(C3CC3)[nH]n2)c2cccn2n1,27,2.0
24,Omipalisib,CHEMBL1236962,COC1=C(C=C(C=N1)C2=CC3=C(C=CN=C3C=C2)C4=CN=NC=C4)NS(=O)(=O)C5=C(C=C(C=C5)F)F,COc1ncc(-c2ccc3nccc(-c4ccnnc4)c3c2)cc1NS(=O)(=O)c1ccc(F)cc1F,COc1ncc(-c2ccc3nccc(-c4ccnnc4)c3c2)cc1NS(=O)(=O)c1ccc(F)cc1F,27,1.0
25,NCGC00162423-03,,CC1C(C(CC(O1)CC2=CC3=CC4=C(C(=O)C(C(C4)C(C(=O)C(C(C)O)O)OC)OC5CC(C(C(O5)C)O)OC6CC(C(C(O6)C)O)OC7CC(C(C(O7)C)O)(CO)O)C(=C3C(=C2C)O)O)OC8CC(C(C(O8)C)O)O)O,COC(C(=O)C(O)C(C)O)C1Cc2cc3cc(CC4CC(OC5CC(O)C(O)C(C)O5)C(O)C(C)O4)c(C)c(O)c3c(O)c2C(=O)C1OC1CC(OC2CC(OC3CC(O)(CO)C(O)C(C)O3)C(O)C(C)O2)C(O)C(C)O1,COC(C(=O)C(O)C(C)O)C1Cc2cc3cc(CC4CC(OC5CC(O)C(O)C(C)O5)C(O)C(C)O4)c(C)c(O)c3c(O)c2C(=O)C1OC1CC(OC2CC(OC3CC(O)(CO)C(O)C(C)O3)C(O)C(C)O2)C(O)C(C)O1,29,0.0
26,Flavopiridol,CHEMBL428690,CN1CC[C@@H]([C@@H](C1)O)C2=C(C=C(C3=C2OC(=CC3=O)C4=CC=CC=C4Cl)O)O,CN1CC[C@H](c2c(O)cc(O)c3c(=O)cc(-c4ccccc4Cl)oc23)[C@H](O)C1,CN1CC[C@H](c2c(O)cc(O)c3c(=O)cc(-c4ccccc4Cl)oc23)[C@H](O)C1,30,2.0
27,219773-55-4,CHEMBL129857,CC1=CC(=O)N(C1=O)NC2=NC(=NC3=C2C(=CC=C3)OC)C4=CC=CS4,COc1cccc2nc(-c3cccs3)nc(NN3C(=O)C=C(C)C3=O)c12,COc1cccc2nc(-c3cccs3)nc(NN3C(=O)C=C(C)C3=O)c12,31,1.0
28,NCGC00095055-03,,CCC(C1CCC(C(O1)C(C)C(C(C)C(=O)C(CC)C2C(CC(C3(O2)C=CC(C4(O3)CCC(O4)(C)C5CCC(C(O5)C)(CC)O)O)C)C)O)C)C(=O)[O-],CCC(C(=O)[O-])C1CCC(C)C(C(C)C(O)C(C)C(=O)C(CC)C2OC3(C=CC(O)C4(CCC(C)(C5CCC(O)(CC)C(C)O5)O4)O3)C(C)CC2C)O1,CCC(C(=O)[O-])C1CCC(C)C(C(C)C(O)C(C)C(=O)C(CC)C2OC3(C=CC(O)C4(CCC(C)(C5CCC(O)(CC)C(C)O5)O4)O3)C(C)CC2C)O1,31,0.0
29,PP121,CHEMBL1081312,C1CCC(C1)N2C3=C(C(=N2)C4=CN=C5C(=C4)C=CN5)C(=NC=N3)N,Nc1ncnc2c1c(-c1cnc3[nH]ccc3c1)nn2C1CCCC1,Nc1ncnc2c1c(-c1cnc3[nH]ccc3c1)nn2C1CCCC1,32,0.0
30,CHEMBL2325704,CHEMBL2325704,CS(=O)(=O)C1(CC1)C2=CC(=NC(=N2)C3=C4C=CNC4=CC=C3)N5CCOCC5,CS(=O)(=O)C1(c2cc(N3CCOCC3)nc(-c3cccc4[nH]ccc34)n2)CC1,CS(=O)(=O)C1(c2cc(N3CCOCC3)nc(-c3cccc4[nH]ccc34)n2)CC1,32,0.0
31,3-methyladenine,CHEMBL292268,CN1C=NC(=C2C1=NC=N2)N; CN1C=NC(=N)C2=C1N=CN2,Cn1cnc(N)c2ncnc1-2,Cn1cnc(N)c2ncnc1-2,33,0.0
32,SCHEMBL1559365,,CC1=NN(C=C1NC2=NC=C(C(=C2)NC3=C(C=C(C=C3)F)C(=O)NOC)C(F)(F)F)C,CONC(=O)c1cc(F)ccc1Nc1cc(Nc2cn(C)nc2C)ncc1C(F)(F)F,CONC(=O)c1cc(F)ccc1Nc1cc(Nc2cn(C)nc2C)ncc1C(F)(F)F,33,0.0
33,SCHEMBL1557791,,CC1=NN(C=C1NC2=NC=C(C(=C2)NC3=CC=CC=C3C(=O)NC)C(F)(F)F)C,CNC(=O)c1ccccc1Nc1cc(Nc2cn(C)nc2C)ncc1C(F)(F)F,CNC(=O)c1ccccc1Nc1cc(Nc2cn(C)nc2C)ncc1C(F)(F)F,34,0.0
34,AZ20,CHEMBL2325697,CC1COCCN1C2=NC(=NC(=C2)C3(CC3)S(=O)(=O)C)C4=C5C=CNC5=CC=C4,CC1COCCN1c1cc(C2(S(C)(=O)=O)CC2)nc(-c2cccc3[nH]ccc23)n1,CC1COCCN1c1cc(C2(S(C)(=O)=O)CC2)nc(-c2cccc3[nH]ccc23)n1,35,0.0
35,KU-0060648,CHEMBL1086377,CCN1CCN(CC1)CC(=O)NC2=C3C4=CC=CC=C4SC3=C(C=C2)C5=CC=CC6=C5OC(=CC6=O)N7CCOCC7,CCN1CCN(CC(=O)Nc2ccc(-c3cccc4c(=O)cc(N5CCOCC5)oc34)c3sc4ccccc4c23)CC1,CCN1CCN(CC(=O)Nc2ccc(-c3cccc4c(=O)cc(N5CCOCC5)oc34)c3sc4ccccc4c23)CC1,35,0.0
36,ISODONOL,,CC1(CCC(C23C1C(C(C45C2CCC(C4O)C(=C)C5=O)(OC3)O)O)O)C,C=C1C(=O)C23C(O)C1CCC2C12COC3(O)C(O)C1C(C)(C)CCC2O,C=C1C(=O)C23C(O)C1CCC2C12COC3(O)C(O)C1C(C)(C)CCC2O,35,0.0
37,ARN-509,CHEMBL3183409,CNC(=O)C1=C(C=C(C=C1)N2C(=S)N(C(=O)C23CCC3)C4=CN=C(C(=C4)C(F)(F)F)C#N)F,CNC(=O)c1ccc(N2C(=S)N(c3cnc(C#N)c(C(F)(F)F)c3)C(=O)C23CCC3)cc1F,CNC(=O)c1ccc(N2C(=S)N(c3cnc(C#N)c(C(F)(F)F)c3)C(=O)C23CCC3)cc1F,35,4.0
38,AZ13036220,,CS(=O)(=O)c1ccc(Nc2cncc(n2)c3cnc4ccccn34)cc1;CS(=O)(=O)c1ccc(cc1)Nc2cncc(n2)c3cnc4n3cccc4,CS(=O)(=O)c1ccc(Nc2cncc(-c3cnc4ccccn34)n2)cc1,CS(=O)(=O)c1ccc(Nc2cncc(-c3cnc4ccccn34)n2)cc1,46,
39,AZ13406193,,COc1cc(cnc1)Nc2cncc(n2)c3cnc4n3cccc4,COc1cncc(Nc2cncc(-c3cnc4ccccn34)n2)c1,COc1cncc(Nc2cncc(-c3cnc4ccccn34)n2)c1,52,
40,SCHEMBL2610023,,CC12CCC3C(C1CCC2O)CCC4=CC(=C(C=C34)OC)O,COc1cc2c(cc1O)CCC1C2CCC2(C)C(O)CCC12,COc1cc2c(cc1O)CCC1C2CCC2(C)C(O)CCC12,55,0.0
41,20439-47-8,,C1CCC(C(C1)N)N,NC1CCCCC1N,NC1CCCCC1N,55,0.0
42,IGF-OSI,,C[C@@]1(O)C[C@@H](C1)c2nc(c3ccc4ccc(nc4c3)c5ccccc5)c6c(N)nccn26;C[C@]1(C[C@@H](C1)c2n3c(c(ncc3)N)c(n2)c4cc5nc(ccc5cc4)c6ccccc6)O,C[C@]1(O)C[C@@H](c2nc(-c3ccc4ccc(-c5ccccc5)nc4c3)c3c(N)nccn32)C1,C[C@]1(O)C[C@@H](c2nc(-c3ccc4ccc(-c5ccccc5)nc4c3)c3c(N)nccn32)C1,57,
43,GSK461364,CHEMBL1908394,CC(C1=CC=CC=C1C(F)(F)F)OC2=C(SC(=C2)N3C=NC4=C3C=C(C=C4)CN5CCN(CC5)C)C(=O)N,CC(Oc1cc(-n2cnc3ccc(CN4CCN(C)CC4)cc32)sc1C(N)=O)c1ccccc1C(F)(F)F,CC(Oc1cc(-n2cnc3ccc(CN4CCN(C)CC4)cc32)sc1C(N)=O)c1ccccc1C(F)(F)F,59,1.0
44,NCGC00263265-01,,C[C@@H]1CC[C@H]2[C@H]([C@H](O[C@H]3[C@@]24[C@@H]1CC[C@@](O3)(OO4)C)CC(C[C@@H]5[C@H]([C@@H]6CC[C@H]([C@H]7[C@]68[C@H](O5)O[C@](CC7)(OO8)C)C)C)C[S+](=O)(C9=CC=C(C=C9)COC(=O)N(C)C)[O-])C,C[C@H]1[C@@H]2CC[C@@H](C)[C@@H]3CC[C@]4(C)OO[C@@]23[C@H](O[C@@H]1CC(C[C@H]1O[C@@H]2O[C@]3(C)CC[C@@H]5[C@H](C)CC[C@@H]([C@H]1C)[C@@]25OO3)C[S+](=O)([O-])c1ccc(COC(=O)N(C)C)cc1)O4,C[C@H]1[C@@H]2CC[C@@H](C)[C@@H]3CC[C@]4(C)OO[C@@]23[C@H](O[C@@H]1CC(C[C@H]1O[C@@H]2O[C@]3(C)CC[C@@H]5[C@H](C)CC[C@@H]([C@H]1C)[C@@]25OO3)C[S+](=O)([O-])c1ccc(COC(=O)N(C)C)cc1)O4,59,0.0
45,SCHEMBL3313928,,CC(C(=O)N1CCC(CC1)C2=CC(=C(C=C2)NC3=NC=C(C(=N3)C4=CN=C5N4C=CC=C5)Cl)OC)O,COc1cc(C2CCN(C(=O)C(C)O)CC2)ccc1Nc1ncc(Cl)c(-c2cnc3ccccn23)n1,COc1cc(C2CCN(C(=O)C(C)O)CC2)ccc1Nc1ncc(Cl)c(-c2cnc3ccccn23)n1,60,0.0
46,Picropodophyllin,CHEMBL283120,COC1=CC(=CC(=C1OC)OC)C2C3C(COC3=O)C(C4=CC5=C(C=C24)OCO5)O,COc1cc(C2c3cc4c(cc3C(O)C3COC(=O)C23)OCO4)cc(OC)c1OC,COc1cc(C2c3cc4c(cc3C(O)C3COC(=O)C23)OCO4)cc(OC)c1OC,61,2.0
47,NCGC00095145-01,,CC12C3CCC(C1(C(=O)OC2=O)C)O3,CC12C(=O)OC(=O)C1(C)C1CCC2O1,CC12C(=O)OC(=O)C1(C)C1CCC2O1,62,0.0
48,Cabozantinib,CHEMBL2105717,COC1=CC2=C(C=CN=C2C=C1OC)OC3=CC=C(C=C3)NC(=O)C4(CC4)C(=O)NC5=CC=C(C=C5)F,COc1cc2nccc(Oc3ccc(NC(=O)C4(C(=O)Nc5ccc(F)cc5)CC4)cc3)c2cc1OC,COc1cc2nccc(Oc3ccc(NC(=O)C4(C(=O)Nc5ccc(F)cc5)CC4)cc3)c2cc1OC,62,4.0
49,PONATINIB,CHEMBL1171837,CC1=C(C=C(C=C1)C(=O)NC2=CC(=C(C=C2)CN3CCN(CC3)C)C(F)(F)F)C#CC4=CN=C5N4N=CC=C5,Cc1ccc(C(=O)Nc2ccc(CN3CCN(C)CC3)c(C(F)(F)F)c2)cc1C#Cc1cnc2cccnn12,Cc1ccc(C(=O)Nc2ccc(CN3CCN(C)CC3)c(C(F)(F)F)c2)cc1C#Cc1cnc2cccnn12,62,4.0
50,Lenvatinib,CHEMBL1289601,COC1=CC2=NC=CC(=C2C=C1C(=O)N)OC3=CC(=C(C=C3)NC(=O)NC4CC4)Cl,COc1cc2nccc(Oc3ccc(NC(=O)NC4CC4)c(Cl)c3)c2cc1C(N)=O,COc1cc2nccc(Oc3ccc(NC(=O)NC4CC4)c(Cl)c3)c2cc1C(N)=O,63,4.0
51,YK-4-279,CHEMBL2011500,COC1=CC=C(C=C1)C(=O)CC2(C3=C(C=CC(=C3NC2=O)Cl)Cl)O,COc1ccc(C(=O)CC2(O)C(=O)Nc3c(Cl)ccc(Cl)c32)cc1,COc1ccc(C(=O)CC2(O)C(=O)Nc3c(Cl)ccc(Cl)c32)cc1,65,0.0
52,CHEMBL3188944,CHEMBL3188944,C1CC1C(=O)NC2=NNC3=C2C=CC(=C3)C4=CC(=CC=C4)C(=O)NC5CC5,O=C(NC1CC1)c1cccc(-c2ccc3c(NC(=O)C4CC4)n[nH]c3c2)c1,O=C(NC1CC1)c1cccc(-c2ccc3c(NC(=O)C4CC4)n[nH]c3c2)c1,65,0.0
53,Nintedanib,CHEMBL502835,CN1CCN(CC1)CC(=O)N(C)C2=CC=C(C=C2)N/C(=C3/C4=C(C=C(C=C4)C(=O)OC)NC3=O)/C5=CC=CC=C5; CN1CCN(CC1)CC(=O)N(C)C2=CC=C(C=C2)N=C(C3=CC=CC=C3)C4=C(NC5=C4C=CC(=C5)C(=O)OC)O,COC(=O)c1ccc2c(c1)NC(=O)/C2=C(\Nc1ccc(N(C)C(=O)CN2CCN(C)CC2)cc1)c1ccccc1,COC(=O)c1ccc2c(c1)NC(=O)/C2=C(\Nc1ccc(N(C)C(=O)CN2CCN(C)CC2)cc1)c1ccccc1,66,4.0
54,camptothecin,CHEMBL65,CCC1(C2=C(COC1=O)C(=O)N3CC4=CC5=CC=CC=C5N=C4C3=C2)O,CCC1(O)C(=O)OCc2c1cc1n(c2=O)Cc2cc3ccccc3nc2-1,CCC1(O)C(=O)OCc2c1cc1n(c2=O)Cc2cc3ccccc3nc2-1,66,0.0
55,497839-62-0,CHEMBL587723,CCN1CCN(CC1)CC2=CC=C(C=C2)C3=CC4=C(N3)N=CN=C4NC(C)C5=CC=CC=C5,CCN1CCN(Cc2ccc(-c3cc4c(NC(C)c5ccccc5)ncnc4[nH]3)cc2)CC1,CCN1CCN(Cc2ccc(-c3cc4c(NC(C)c5ccccc5)ncnc4[nH]3)cc2)CC1,67,2.0
56,CHEMBL3348985,CHEMBL3348985,CC1CCCC2C(O2)CC(OC(=O)CC(C(C(=O)C(C1O)C)(C)C)O)C(=CC3=CSC(=N3)C)C,CC(=Cc1csc(C)n1)C1CC2OC2CCCC(C)C(O)C(C)C(=O)C(C)(C)C(O)CC(=O)O1,CC(=Cc1csc(C)n1)C1CC2OC2CCCC(C)C(O)C(C)C(=O)C(C)(C)C(O)CC(=O)O1,67,0.0
57,cycloheximide,CHEMBL123292,C[C@H]1C[C@@H](C(=O)[C@@H](C1)[C@@H](CC2CC(=O)NC(=O)C2)O)C,C[C@H]1C[C@H](C)C(=O)[C@H]([C@H](O)CC2CC(=O)NC(=O)C2)C1,C[C@H]1C[C@H](C)C(=O)[C@H]([C@H](O)CC2CC(=O)NC(=O)C2)C1,67,0.0
58,BMS-3,CHEMBL3182065,C1CC1C(=O)NC2=NC=C(S2)C3=CC(=NN3C4=C(C=CC=C4Cl)Cl)C(F)F,O=C(Nc1ncc(-c2cc(C(F)F)nn2-c2c(Cl)cccc2Cl)s1)C1CC1,O=C(Nc1ncc(-c2cc(C(F)F)nn2-c2c(Cl)cccc2Cl)s1)C1CC1,67,0.0
59,OSI-027,CHEMBL2132692,COC1=CC=CC2=CC(=C3C4=C(N=CNN4C(=N3)C5CCC(CC5)C(=O)O)N)N=C21; COC1=CC=CC2=C1NC(=C2)C3=C4C(=NC=NN4C(=N3)C5CCC(CC5)C(=O)O)N,COc1cccc2c1=NC(=c1nc(C3CCC(C(=O)O)CC3)n3c1=C(N)N=CN3)C=2,COc1cccc2c1=NC(=c1nc(C3CCC(C(=O)O)CC3)n3c1=C(N)N=CN3)C=2,67,1.0
60,Org 25935,,CN(CC1CCC2=C(C1C3=CC=CC=C3)C=CC(=C2)OC)CC(=O)O,COc1ccc2c(c1)CCC(CN(C)CC(=O)O)C2c1ccccc1,COc1ccc2c(c1)CCC(CN(C)CC(=O)O)C2c1ccccc1,67,0.0
61,SCHEMBL17971367,,CC12C(CC(O1)N3C4=CC=CC=C4C5=C6C(=C7C8=CC=CC=C8N2C7=C53)CNC6=O)(CO)O,CC12OC(CC1(O)CO)n1c3ccccc3c3c4c(c5c6ccccc6n2c5c31)CNC4=O,CC12OC(CC1(O)CO)n1c3ccccc3c3c4c(c5c6ccccc6n2c5c31)CNC4=O,67,0.0
62,Visudyne,,CC1=C(C2=CC3=NC(=CC4=C(C(=C(N4)C=C5C6(C(C(=CC=C6C(=N5)C=C1N2)C(=O)OC)C(=O)OC)C)C)CCC(=O)OC)C(=C3C)CCC(=O)O)C=C,C=Cc1c(C)c2cc3nc(cc4[nH]c(cc5nc(cc1[nH]2)C(C)=C5CCC(=O)O)c(CCC(=O)OC)c4C)C1(C)C3=CC=C(C(=O)OC)C1C(=O)OC,C=Cc1c(C)c2cc3nc(cc4[nH]c(cc5nc(cc1[nH]2)C(C)=C5CCC(=O)O)c(CCC(=O)OC)c4C)C1(C)C3=CC=C(C(=O)OC)C1C(=O)OC,70,3.0
63,Ganetespib,CHEMBL2103879,CC(C)C1=CC(=C2NNC(=O)N2C3=CC4=C(C=C3)N(C=C4)C)C(=O)C=C1O; CC(C)C1=C(C=C(C(=C1)C2=NNC(=O)N2C3=CC4=C(C=C3)N(C=C4)C)O)O,CC(C)C1=CC(=C2NNC(=O)N2c2ccc3c(ccn3C)c2)C(=O)C=C1O,CC(C)C1=CC(=C2NNC(=O)N2c2ccc3c(ccn3C)c2)C(=O)C=C1O,72,3.0
64,CHEMBL3348887,CHEMBL3348887,CC1CCC2C1C(C3(CC(C2(O3)C)OC(=O)CO)C(C)C)OC(=O)C=CC4=CC=CC=C4,CC1CCC2C1C(OC(=O)C=Cc1ccccc1)C1(C(C)C)CC(OC(=O)CO)C2(C)O1,CC1CCC2C1C(OC(=O)C=Cc1ccccc1)C1(C(C)C)CC(OC(=O)CO)C2(C)O1,78,0.0
65,503468-95-9,CHEMBL188678,C1COCCN1C2=CC(=O)C3=C(O2)C(=CC=C3)C4=CC=CC5=C4SC6=CC=CC=C56,O=c1cc(N2CCOCC2)oc2c(-c3cccc4c3sc3ccccc34)cccc12,O=c1cc(N2CCOCC2)oc2c(-c3cccc4c3sc3ccccc34)cccc12,81,0.0
66,SCHEMBL3315478,,COC1=C(C=CC(=C1)N2CCN(CC2)CCO)NC3=NC=C(C(=N3)C4=CN=C5N4C=CC=C5)F,COc1cc(N2CCN(CCO)CC2)ccc1Nc1ncc(F)c(-c2cnc3ccccn23)n1,COc1cc(N2CCN(CCO)CC2)ccc1Nc1ncc(F)c(-c2cnc3ccccn23)n1,84,0.0
67,NCGC00163548-02,,CC1C(=O)N(C2CSC(C(C(=O)N(C(C(=O)OCC(C(=O)N1)NC(=O)C3=NC4=CC=CC=C4N=C3)C(C)C)C)N(C(=O)C(NC(=O)C(COC(=O)C(N(C2=O)C)C(C)C)NC(=O)C5=NC6=CC=CC=C6N=C5)C)C)SC)C,CSC1SCC2C(=O)N(C)C(C(C)C)C(=O)OCC(NC(=O)c3cnc4ccccc4n3)C(=O)NC(C)C(=O)N(C)C1C(=O)N(C)C(C(C)C)C(=O)OCC(NC(=O)c1cnc3ccccc3n1)C(=O)NC(C)C(=O)N2C,CSC1SCC2C(=O)N(C)C(C(C)C)C(=O)OCC(NC(=O)c3cnc4ccccc4n3)C(=O)NC(C)C(=O)N(C)C1C(=O)N(C)C(C(C)C)C(=O)OCC(NC(=O)c1cnc3ccccc3n1)C(=O)NC(C)C(=O)N2C,84,0.0
68,AZD2461,,COC1CCN(CC1)C(=O)C2=C(C=CC(=C2)CC3=NNC(=O)C4=CC=CC=C43)F,COC1CCN(C(=O)c2cc(Cc3n[nH]c(=O)c4ccccc34)ccc2F)CC1,COC1CCN(C(=O)c2cc(Cc3n[nH]c(=O)c4ccccc34)ccc2F)CC1,85,1.0
69,451492-95-8,CHEMBL2138625,CC(C)(C#CC1=CC2=C(C=C1NC(=O)C=C)C(=NC=N2)NC3=CC(=C(C=C3)F)Cl)N4CCN(CC4)C,C=CC(=O)Nc1cc2c(Nc3ccc(F)c(Cl)c3)ncnc2cc1C#CC(C)(C)N1CCN(C)CC1,C=CC(=O)Nc1cc2c(Nc3ccc(F)c(Cl)c3)ncnc2cc1C#CC(C)(C)N1CCN(C)CC1,89,1.0
70,disulfiram,CHEMBL964,CCN(CC)C(=S)SSC(=S)N(CC)CC,CCN(CC)C(=S)SSC(=S)N(CC)CC,CCN(CC)C(=S)SSC(=S)N(CC)CC,91,4.0
71,ZINC17545571,,CC1=C(C(=O)OC(C1)C(C)C2CCC3C2(CCC4C3CC5C6(C4(C(=O)C=CC6O)C)O5)C)CO,CC1=C(CO)C(=O)OC(C(C)C2CCC3C4CC5OC56C(O)C=CC(=O)C6(C)C4CCC23C)C1,CC1=C(CO)C(=O)OC(C(C)C2CCC3C4CC5OC56C(O)C=CC(=O)C6(C)C4CCC23C)C1,92,0.0
72,GSK-923295,,CC(C)OC1=C(C=C(C=C1)C(=O)NC(CC2=CC=C(C=C2)C3=CN4C=CC=C(C4=N3)C(C)O)CNC(=O)CN(C)C)Cl,CC(C)Oc1ccc(C(=O)NC(CNC(=O)CN(C)C)Cc2ccc(-c3cn4cccc(C(C)O)c4n3)cc2)cc1Cl,CC(C)Oc1ccc(C(=O)NC(CNC(=O)CN(C)C)Cc2ccc(-c3cn4cccc(C(C)O)c4n3)cc2)cc1Cl,92,1.0
73,CHEMBL3923667,CHEMBL3923667,CC(C1=C(C=NC=C1Cl)Cl)OC2=CC3=C(C=C2)NN=C3C=CC4=CN(N=C4)CCO,CC(Oc1ccc2[nH]nc(C=Cc3cnn(CCO)c3)c2c1)c1c(Cl)cncc1Cl,CC(Oc1ccc2[nH]nc(C=Cc3cnn(CCO)c3)c2c1)c1c(Cl)cncc1Cl,92,0.0
74,SCHEMBL82368,CHEMBL2131289,C1CN(CCC1CCCCNC(=O)C=CC2=CN=CC=C2)C(=O)C3=CC=CC=C3,O=C(C=Cc1cccnc1)NCCCCC1CCN(C(=O)c2ccccc2)CC1,O=C(C=Cc1cccnc1)NCCCCC1CCN(C(=O)c2ccccc2)CC1,93,0.0
75,Crenolanib,CHEMBL2105728,CC1(COC1)COC2=CC3=C(C=C2)N(C=N3)C4=NC5=C(C=CC=C5N6CCC(CC6)N)C=C4,CC1(COc2ccc3c(c2)ncn3-c2ccc3cccc(N4CCC(N)CC4)c3n2)COC1,CC1(COc2ccc3c(c2)ncn3-c2ccc3cccc(N4CCC(N)CC4)c3n2)COC1,95,3.0
76,200484-11-3,CHEMBL17289,C1=CC(=CC=C1OCCCCCCN=C(NC#N)NC2=CC=NC=C2)Cl,N#CNC(=NCCCCCCOc1ccc(Cl)cc1)Nc1ccncc1,N#CNC(=NCCCCCCOc1ccc(Cl)cc1)Nc1ccncc1,98,1.0
77,CHEMBL3349010,CHEMBL3349010,CC1C(C(C(C(O1)OC2CCC3(C4CCC5(C(CCC5(C4CCC3=C2)O)C6=COC(=O)C=C6)C)C)O)O)O,CC1OC(OC2C=C3CCC4C(CCC5(C)C(c6ccc(=O)oc6)CCC45O)C3(C)CC2)C(O)C(O)C1O,CC1OC(OC2C=C3CCC4C(CCC5(C)C(c6ccc(=O)oc6)CCC45O)C3(C)CC2)C(O)C(O)C1O,99,0.0
78,KX2-391,CHEMBL571546,C1COCCN1CCOC2=CC=C(C=C2)C3=CN=C(C=C3)CC(=O)NCC4=CC=CC=C4,O=C(Cc1ccc(-c2ccc(OCCN3CCOCC3)cc2)cn1)NCc1ccccc1,O=C(Cc1ccc(-c2ccc(OCCN3CCOCC3)cc2)cn1)NCc1ccccc1,99,3.0
79,FOLFIRI regimen,,CCC1=C2CN3C(=CC4=C(C3=O)COC(=O)C4(CC)O)C2=NC5=C1C=C(C=C5)OC(=O)N6CCC(CC6)N7CCCCC7.C1C(N(C2=C(N1)N=C(NC2=O)N)C=O)CNC3=CC=C(C=C3)C(=O)NC(CCC(=O)O)C(=O)O.C1=C(C(=O)NC(=O)N1)F,CCc1c2c(nc3ccc(OC(=O)N4CCC(N5CCCCC5)CC4)cc13)-c1cc3c(c(=O)n1C2)COC(=O)C3(O)CC.Nc1nc2c(c(=O)[nH]1)N(C=O)C(CNc1ccc(C(=O)NC(CCC(=O)O)C(=O)O)cc1)CN2.O=c1[nH]cc(F)c(=O)[nH]1,CCc1c2c(nc3ccc(OC(=O)N4CCC(N5CCCCC5)CC4)cc13)-c1cc3c(c(=O)n1C2)COC(=O)C3(O)CC.Nc1nc2c(c(=O)[nH]1)N(C=O)C(CNc1ccc(C(=O)NC(CCC(=O)O)C(=O)O)cc1)CN2.O=c1[nH]cc(F)c(=O)[nH]1,100,4.0
80,CHEMBL3348955,CHEMBL3348955,CCC(=CC(C)CC=CC(=CC(C)C(=O)C(C)C(C(C)CC(=CC(=O)O)C)O)C)C=CC1C(C=CC(=O)O1)C,CCC(C=CC1OC(=O)C=CC1C)=CC(C)CC=CC(C)=CC(C)C(=O)C(C)C(O)C(C)CC(C)=CC(=O)O,CCC(C=CC1OC(=O)C=CC1C)=CC(C)CC=CC(C)=CC(C)C(=O)C(C)C(O)C(C)CC(C)=CC(=O)O,100,0.0
81,Danusertib,CHEMBL402548,CN1CCN(CC1)C2=CC=C(C=C2)C(=O)NC3=NNC4=C3CN(C4)C(=O)C(C5=CC=CC=C5)OC,COC(C(=O)N1Cc2[nH]nc(NC(=O)c3ccc(N4CCN(C)CC4)cc3)c2C1)c1ccccc1,COC(C(=O)N1Cc2[nH]nc(NC(=O)c3ccc(N4CCN(C)CC4)cc3)c2C1)c1ccccc1,101,2.0
82,Luminespib,CHEMBL3900791; CHEMBL252164,CCNC(=O)C1=C(C(=C2C=C(C(=CC2=O)O)C(C)C)ON1)C3=CC=C(C=C3)CN4CCOCC4; CCNC(=O)C1=NOC(=C1C2=CC=C(C=C2)CN3CCOCC3)C4=CC(=C(C=C4O)O)C(C)C,CCNC(=O)C1=C(c2ccc(CN3CCOCC3)cc2)C(=C2C=C(C(C)C)C(O)=CC2=O)ON1,CCNC(=O)C1=C(c2ccc(CN3CCOCC3)cc2)C(=C2C=C(C(C)C)C(O)=CC2=O)ON1,101,2.0
83,AVN-944,CHEMBL3349001,CCC(CC#N)OC(=O)NC(C)C1=CC(=CC=C1)NC(=O)NC2=CC(=C(C=C2)C3=CN=CO3)OC,CCC(CC#N)OC(=O)NC(C)c1cccc(NC(=O)Nc2ccc(-c3cnco3)c(OC)c2)c1,CCC(CC#N)OC(=O)NC(C)c1cccc(NC(=O)Nc2ccc(-c3cnco3)c(OC)c2)c1,101,2.0
84,908115-27-5,CHEMBL1195136,CC1(CC2=C(C(=O)C1)C(=NN2C3=CC(=C(C=C3)C(=O)N)NC4CCC(CC4)OC(=O)CN)C(F)(F)F)C,CC1(C)CC(=O)c2c(C(F)(F)F)nn(-c3ccc(C(N)=O)c(NC4CCC(OC(=O)CN)CC4)c3)c2C1,CC1(C)CC(=O)c2c(C(F)(F)F)nn(-c3ccc(C(N)=O)c(NC4CCC(OC(=O)CN)CC4)c3)c2C1,102,2.0
85,NCGC00164600-03,,CC1CCC2C(C(OC3C24C1CCC(O3)(OO4)C)OC(=O)CCC(=O)O)C,CC1CCC2C(C)C(OC(=O)CCC(=O)O)OC3OC4(C)CCC1C32OO4,CC1CCC2C(C)C(OC(=O)CCC(=O)O)OC3OC4(C)CCC1C32OO4,103,0.0
86,Ispinesib,CHEMBL228814,CC1=CC=C(C=C1)C(=O)N(CCCN)C(C2=NC3=C(C=CC(=C3)Cl)C(=O)N2CC4=CC=CC=C4)C(C)C,Cc1ccc(C(=O)N(CCCN)C(c2nc3cc(Cl)ccc3c(=O)n2Cc2ccccc2)C(C)C)cc1,Cc1ccc(C(=O)N(CCCN)C(c2nc3cc(Cl)ccc3c(=O)n2Cc2ccccc2)C(C)C)cc1,103,2.0
87,Regorafenib,CHEMBL1946170,CNC(=O)C1=NC=CC(=C1)OC2=CC(=C(C=C2)NC(=O)NC3=CC(=C(C=C3)Cl)C(F)(F)F)F,CNC(=O)c1cc(Oc2ccc(NC(=O)Nc3ccc(Cl)c(C(F)(F)F)c3)c(F)c2)ccn1,CNC(=O)c1cc(Oc2ccc(NC(=O)Nc3ccc(Cl)c(C(F)(F)F)c3)c(F)c2)ccn1,105,4.0
88,SCHEMBL20501483,,CC1=C(C=CC(=C1)C2CCC(CC2)CN(C3=CC=CC(=C3)C4=CN=C(S4)OC)C(=O)C5CCC(CC5)C(=O)NCCN(C)C)OC,COc1ncc(-c2cccc(N(CC3CCC(c4ccc(OC)c(C)c4)CC3)C(=O)C3CCC(C(=O)NCCN(C)C)CC3)c2)s1,COc1ncc(-c2cccc(N(CC3CCC(c4ccc(OC)c(C)c4)CC3)C(=O)C3CCC(C(=O)NCCN(C)C)CC3)c2)s1,105,0.0
89,4-Hydroxytamoxifen,CHEMBL489,CCC(=C(C1=CC=C(C=C1)O)C2=CC=C(C=C2)OCCN(C)C)C3=CC=CC=C3,CCC(=C(c1ccc(O)cc1)c1ccc(OCCN(C)C)cc1)c1ccccc1,CCC(=C(c1ccc(O)cc1)c1ccc(OCCN(C)C)cc1)c1ccccc1,105,3.0
90,Entinostat,CHEMBL27759,C1=CC=C(C(=C1)N)NC(=O)C2=CC=C(C=C2)CNC(=O)OCC3=CN=CC=C3,Nc1ccccc1NC(=O)c1ccc(CNC(=O)OCc2cccnc2)cc1,Nc1ccccc1NC(=O)c1ccc(CNC(=O)OCc2cccnc2)cc1,106,3.0
91,Lonafarnib,CHEMBL298734,C1CN(CCC1CC(=O)N2CCC(CC2)C3C4=C(C=C(C=C4CCC5=CC(=CN=C35)Br)Cl)Br)C(=O)N,NC(=O)N1CCC(CC(=O)N2CCC(C3c4ncc(Br)cc4CCc4cc(Cl)cc(Br)c43)CC2)CC1,NC(=O)N1CCC(CC(=O)N2CCC(C3c4ncc(Br)cc4CCc4cc(Cl)cc(Br)c43)CC2)CC1,107,3.0
92,905579-51-3,CHEMBL3856065,C1CC2=CC=CC=C2C1NC3=NC=NC4=C3C=CN4C5CC(C(C5)O)COS(=O)(=O)N,NS(=O)(=O)OCC1CC(n2ccc3c(NC4CCc5ccccc54)ncnc32)CC1O,NS(=O)(=O)OCC1CC(n2ccc3c(NC4CCc5ccccc54)ncnc32)CC1O,107,0.0
93,RO4929097,,CC(C)(C(=O)NCC(C(F)(F)F)(F)F)C(=O)N[C@H]1C2=CC=CC=C2C3=CC=CC=C3NC1=O,CC(C)(C(=O)NCC(F)(F)C(F)(F)F)C(=O)N[C@@H]1C(=O)Nc2ccccc2-c2ccccc21,CC(C)(C(=O)NCC(F)(F)C(F)(F)F)C(=O)N[C@@H]1C(=O)Nc2ccccc2-c2ccccc21,107,2.0
94,NCGC00167518-03,,CC1CCC2CC(C(=CC=CC=CC(CC(C(=O)C(C(C(=CC(C(=O)CC(OC(=O)C3CCCCN3C(=O)C(=O)C1(O2)O)C(C)CC4CCC(C(C4)OC)OC(=O)C(C)(CO)CO)C)C)O)OC)C)C)C)OC,COC1CC2CCC(C)C(O)(O2)C(=O)C(=O)N2CCCCC2C(=O)OC(C(C)CC2CCC(OC(=O)C(C)(CO)CO)C(OC)C2)CC(=O)C(C)C=C(C)C(O)C(OC)C(=O)C(C)CC(C)C=CC=CC=C1C,COC1CC2CCC(C)C(O)(O2)C(=O)C(=O)N2CCCCC2C(=O)OC(C(C)CC2CCC(OC(=O)C(C)(CO)CO)C(OC)C2)CC(=O)C(C)C=C(C)C(O)C(OC)C(=O)C(C)CC(C)C=CC=CC=C1C,107,0.0
95,Idelalisib,CHEMBL2216870,CCC(C1=NC2=C(C(=CC=C2)F)C(=O)N1C3=CC=CC=C3)NC4=NC=NC5=C4NC=N5,CCC(Nc1ncnc2nc[nH]c12)c1nc2cccc(F)c2c(=O)n1-c1ccccc1,CCC(Nc1ncnc2nc[nH]c12)c1nc2cccc(F)c2c(=O)n1-c1ccccc1,107,4.0
96,XL765,CHEMBL3349370,CC1=C(C=C(C=C1)C(=O)NC2=CC=C(C=C2)S(=O)(=O)NC3=NC4=CC=CC=C4N=C3NC5=CC(=CC(=C5)OC)OC)OC,COc1cc(Nc2nc3ccccc3nc2NS(=O)(=O)c2ccc(NC(=O)c3ccc(C)c(OC)c3)cc2)cc(OC)c1,COc1cc(Nc2nc3ccccc3nc2NS(=O)(=O)c2ccc(NC(=O)c3ccc(C)c(OC)c3)cc2)cc(OC)c1,108,2.0
97,GDC-0879,CHEMBL525191,C1CC(=NO)C2=C1C=C(C=C2)C3=CN(N=C3C4=CC=NC=C4)CCO,OCCn1cc(-c2ccc3c(c2)CCC3=NO)c(-c2ccncc2)n1,OCCn1cc(-c2ccc3c(c2)CCC3=NO)c(-c2ccncc2)n1,108,0.0
98,Toxoflavin,CHEMBL578512,CN1C2=NC(=O)N(C(=O)C2=NC=N1)C,Cn1ncnc2c(=O)n(C)c(=O)nc1-2,Cn1ncnc2c(=O)n(C)c(=O)nc1-2,108,0.0
99,SF1670,CHEMBL51314,CC(C)(C)C(=O)NC1=CC2=C(C=C1)C3=CC=CC=C3C(=O)C2=O,CC(C)(C)C(=O)Nc1ccc2c(c1)C(=O)C(=O)c1ccccc1-2,CC(C)(C)C(=O)Nc1ccc2c(c1)C(=O)C(=O)c1ccccc1-2,108,0.0
100,BI605906,,CCC(C1=CC(=NC2=C1C(=C(S2)C(=O)N)N)N3CCC(CC3)S(=O)(=O)C)(F)F,CCC(F)(F)c1cc(N2CCC(S(C)(=O)=O)CC2)nc2sc(C(N)=O)c(N)c12,CCC(F)(F)c1cc(N2CCC(S(C)(=O)=O)CC2)nc2sc(C(N)=O)c(N)c12,108,0.0
101,301836-43-1,CHEMBL410456,C1COC2=C(O1)C=CC(=C2)C3=C(NC(=N3)C4=CC=C(C=C4)C(=O)N)C5=CC=CC=N5,NC(=O)c1ccc(-c2nc(-c3ccc4c(c3)OCCO4)c(-c3ccccn3)[nH]2)cc1,NC(=O)c1ccc(-c2nc(-c3ccc4c(c3)OCCO4)c(-c3ccccn3)[nH]2)cc1,109,0.0
102,1370261-97-4,,C1CCC(C(C1)N)NC2=NC=C(C(=N2)NC3=CC=CC(=C3)N4N=CC=N4)C(=O)N.Cl,NC(=O)c1cnc(NC2CCCCC2N)nc1Nc1cccc(-n2nccn2)c1,NC(=O)c1cnc(NC2CCCCC2N)nc1Nc1cccc(-n2nccn2)c1,109,0.0
103,PRT062607,CHEMBL2177736,C1CCC(C(C1)N)NC2=NC=C(C(=N2)NC3=CC=CC(=C3)N4N=CC=N4)C(=O)N,NC(=O)c1cnc(NC2CCCCC2N)nc1Nc1cccc(-n2nccn2)c1,NC(=O)c1cnc(NC2CCCCC2N)nc1Nc1cccc(-n2nccn2)c1,109,2.0
104,Stattic,CHEMBL1337170,C1=CC(=CC2=C1C=CS2(=O)=O)[N+](=O)[O-],O=[N+]([O-])c1ccc2c(c1)S(=O)(=O)C=C2,O=[N+]([O-])c1ccc2c(c1)S(=O)(=O)C=C2,109,0.0
105,AT7519,CHEMBL445813,C1CNCCC1NC(=O)C2=C(C=NN2)NC(=O)C3=C(C=CC=C3Cl)Cl,O=C(NC1CCNCC1)c1[nH]ncc1NC(=O)c1c(Cl)cccc1Cl,O=C(NC1CCNCC1)c1[nH]ncc1NC(=O)c1c(Cl)cccc1Cl,109,2.0
106,ZINC208012538,,CC1CCC(CN1C2=NC(=NC(=C2)C3=CC4=C(C=C3)C(=NN4)N)NC)C(=O)NC5CCCCC5,CNc1nc(-c2ccc3c(N)n[nH]c3c2)cc(N2CC(C(=O)NC3CCCCC3)CCC2C)n1,CNc1nc(-c2ccc3c(N)n[nH]c3c2)cc(N2CC(C(=O)NC3CCCCC3)CCC2C)n1,110,0.0
107,JNK-IN-8,CHEMBL2216824,CC1=C(C=CC(=C1)NC(=O)C2=CC(=CC=C2)NC(=O)C=CCN(C)C)NC3=NC=CC(=N3)C4=CN=CC=C4,Cc1cc(NC(=O)c2cccc(NC(=O)C=CCN(C)C)c2)ccc1Nc1nccc(-c2cccnc2)n1,Cc1cc(NC(=O)c2cccc(NC(=O)C=CCN(C)C)c2)ccc1Nc1nccc(-c2cccnc2)n1,110,0.0
108,CHIR-99021,CHEMBL412142,CC1=CN=C(N1)C2=CN=C(N=C2C3=C(C=C(C=C3)Cl)Cl)NCCNC4=NC=C(C=C4)C#N,Cc1cnc(-c2cnc(NCCNc3ccc(C#N)cn3)nc2-c2ccc(Cl)cc2Cl)[nH]1,Cc1cnc(-c2cnc(NCCNc3ccc(C#N)cn3)nc2-c2ccc(Cl)cc2Cl)[nH]1,110,0.0
109,CHIR-99021 HCl,,CC1=CN=C(N1)C2=CN=C(N=C2C3=C(C=C(C=C3)Cl)Cl)NCCNC4=NC=C(C=C4)C#N.Cl,Cc1cnc(-c2cnc(NCCNc3ccc(C#N)cn3)nc2-c2ccc(Cl)cc2Cl)[nH]1,Cc1cnc(-c2cnc(NCCNc3ccc(C#N)cn3)nc2-c2ccc(Cl)cc2Cl)[nH]1,110,0.0
110,Akt inhibitor VIII,,C1CN(CCC1N2C3=CC=CC=C3NC2=O)CC4=CC=C(C=C4)C5=C(N=C6C=C7C(=NC=N7)C=C6N5)C8=CC=CC=C8,O=c1[nH]c2ccccc2n1C1CCN(Cc2ccc(-c3[nH]c4cc5ncnc5cc4nc3-c3ccccc3)cc2)CC1,O=c1[nH]c2ccccc2n1C1CCN(Cc2ccc(-c3[nH]c4cc5ncnc5cc4nc3-c3ccccc3)cc2)CC1,110,0.0
111,71555-25-4,CHEMBL1709364,CC(=NNC(=S)N1CCC1)C2=CC=CC=N2,CC(=NNC(=S)N1CCC1)c1ccccn1,CC(=NNC(=S)N1CCC1)c1ccccn1,111,0.0
112,SB-505124,CHEMBL226838,CC1=CC=CC(=N1)C2=C(N=C(N2)C(C)(C)C)C3=CC4=C(C=C3)OCO4,Cc1cccc(-c2[nH]c(C(C)(C)C)nc2-c2ccc3c(c2)OCO3)n1,Cc1cccc(-c2[nH]c(C(C)(C)C)nc2-c2ccc3c(c2)OCO3)n1,111,0.0
113,CHEMBL3183888,CHEMBL3183888,CCC1=CC=C(C=C1)C=C2C(=O)NC(=S)S2,CCc1ccc(C=C2SC(=S)NC2=O)cc1,CCc1ccc(C=C2SC(=S)NC2=O)cc1,111,0.0
114,GSK429286A,CHEMBL375312,CC1=C(C(CC(=O)N1)C2=CC=C(C=C2)C(F)(F)F)C(=O)NC3=C(C=C4C(=C3)C=NN4)F,CC1=C(C(=O)Nc2cc3cn[nH]c3cc2F)C(c2ccc(C(F)(F)F)cc2)CC(=O)N1,CC1=C(C(=O)Nc2cc3cn[nH]c3cc2F)C(c2ccc(C(F)(F)F)cc2)CC(=O)N1,111,0.0
115,10356-76-0,CHEMBL1076257,C1C(C(OC1N2C=C(C(=NC2=O)N)F)CO)O,Nc1nc(=O)n(C2CC(O)C(CO)O2)cc1F,Nc1nc(=O)n(C2CC(O)C(CO)O2)cc1F,112,1.0
116,Avutometinib,CHEMBL3264002,CC1=C(C(=O)OC2=C1C=CC(=C2)OC3=NC=CC=N3)CC4=C(C(=NC=C4)NS(=O)(=O)NC)F,CNS(=O)(=O)Nc1nccc(Cc2c(C)c3ccc(Oc4ncccn4)cc3oc2=O)c1F,CNS(=O)(=O)Nc1nccc(Cc2c(C)c3ccc(Oc4ncccn4)cc3oc2=O)c1F,113,
117,1268524-70-4,CHEMBL1957266,CC1=C(SC2=C1C(=NC(C3=NN=C(N32)C)CC(=O)OC(C)(C)C)C4=CC=C(C=C4)Cl)C,Cc1sc2c(c1C)C(c1ccc(Cl)cc1)=NC(CC(=O)OC(C)(C)C)c1nnc(C)n1-2,Cc1sc2c(c1C)C(c1ccc(Cl)cc1)=NC(CC(=O)OC(C)(C)C)c1nnc(C)n1-2,114,0.0
118,5Z-7-Oxozeaenol,CHEMBL1077979,CC1CC=CC(=O)C(C(CC=CC2=C(C(=CC(=C2)OC)O)C(=O)O1)O)O,COc1cc(O)c2c(c1)C=CCC(O)C(O)C(=O)C=CCC(C)OC2=O,COc1cc(O)c2c(c1)C=CCC(O)C(O)C(=O)C=CCC(C)OC2=O,114,0.0
119,CHEMBL3348931,CHEMBL3348931,COC1=C(C=C(C=C1)C=CC2=CC(=C(C(=C2)OC)OC)OC)NC(=O)C(CO)N,COc1ccc(C=Cc2cc(OC)c(OC)c(OC)c2)cc1NC(=O)C(N)CO,COc1ccc(C=Cc2cc(OC)c(OC)c(OC)c2)cc1NC(=O)C(N)CO,117,0.0
120,Doramapimod,CHEMBL103667,CC1=CC=C(C=C1)N2C(=CC(=N2)C(C)(C)C)NC(=O)NC3=CC=C(C4=CC=CC=C43)OCCN5CCOCC5,Cc1ccc(-n2nc(C(C)(C)C)cc2NC(=O)Nc2ccc(OCCN3CCOCC3)c3ccccc23)cc1,Cc1ccc(-n2nc(C(C)(C)C)cc2NC(=O)Nc2ccc(OCCN3CCOCC3)c3ccccc23)cc1,117,2.0
121,AZ12799043,,CCCS(=O)(=O)Nc1ccc(F)c(C(=O)c2c[nH]c3ncc(cc23)c4cccc(c4)C(=O)N)c1F;CCCS(=O)(=O)Nc1ccc(c(c1F)C(=O)c2c[nH]c3c2cc(cn3)c4cccc(c4)C(=O)N)F,CCCS(=O)(=O)Nc1ccc(F)c(C(=O)c2c[nH]c3ncc(-c4cccc(C(N)=O)c4)cc23)c1F,CCCS(=O)(=O)Nc1ccc(F)c(C(=O)c2c[nH]c3ncc(-c4cccc(C(N)=O)c4)cc23)c1F,118,
122,Ekb-568,CHEMBL2135461,CCOC1=C(C=C2C(=C1)N=CC(=C2NC3=CC(=C(C=C3)F)Cl)C#N)NC(=O)C=CCN(C)C,CCOc1cc2ncc(C#N)c(Nc3ccc(F)c(Cl)c3)c2cc1NC(=O)C=CCN(C)C,CCOc1cc2ncc(C#N)c(Nc3ccc(F)c(Cl)c3)c2cc1NC(=O)C=CCN(C)C,124,0.0
123,PF-04691502,CHEMBL1234354,CC1=C2C=C(C(=O)N(C2=NC(=N1)N)C3CCC(CC3)OCCO)C4=CN=C(C=C4)OC,COc1ccc(-c2cc3c(C)nc(N)nc3n(C3CCC(OCCO)CC3)c2=O)cn1,COc1ccc(-c2cc3c(C)nc(N)nc3n(C3CCC(OCCO)CC3)c2=O)cn1,125,2.0
124,PI-103,CHEMBL573339,C1COCCN1C2=NC(=NC3=C2OC4=C3C=CC=N4)C5=CC(=CC=C5)O,Oc1cccc(-c2nc(N3CCOCC3)c3oc4ncccc4c3n2)c1,Oc1cccc(-c2nc(N3CCOCC3)c3oc4ncccc4c3n2)c1,129,0.0
125,Bardoxolone methyl,CHEMBL1762621,CC1(CCC2(CCC3(C(C2C1)C(=O)C=C4C3(CCC5C4(C=C(C(=O)C5(C)C)C#N)C)C)C)C(=O)OC)C,COC(=O)C12CCC(C)(C)CC1C1C(=O)C=C3C4(C)C=C(C#N)C(=O)C(C)(C)C4CCC3(C)C1(C)CC2,COC(=O)C12CCC(C)(C)CC1C1C(=O)C=C3C4(C)C=C(C#N)C(=O)C(C)(C)C4CCC3(C)C1(C)CC2,130,3.0
126,CHEMBL3348991,CHEMBL3348991,CCCCCCCC(=O)OC1C2C(=C(C1OC(=O)C(=CC)C)C)C3C(C(CC2(C)OC(=O)C)OC(=O)CCC)(C(C(=O)O3)(C)O)O,CC=C(C)C(=O)OC1C(C)=C2C(C1OC(=O)CCCCCCC)C(C)(OC(C)=O)CC(OC(=O)CCC)C1(O)C2OC(=O)C1(C)O,CC=C(C)C(=O)OC1C(C)=C2C(C1OC(=O)CCCCCCC)C(C)(OC(C)=O)CC(OC(=O)CCC)C1(O)C2OC(=O)C1(C)O,133,0.0
127,1224844-38-5,CHEMBL3545097,CC(C)N1C2=C(C(=N1)C3=CC4=C(C=C3)OC(=N4)N)C(=NC=N2)N,CC(C)n1nc(-c2ccc3oc(N)nc3c2)c2c(N)ncnc21,CC(C)n1nc(-c2ccc3oc(N)nc3c2)c2c(N)ncnc21,139,2.0
128,SCHEMBL2929203,CHEMBL3688945,CC1COCCN1C2=NC(=NC3=C2C=CC(=N3)C4=CC(=C(C=C4)OC)CO)N5CCOCC5C,COc1ccc(-c2ccc3c(N4CCOCC4C)nc(N4CCOCC4C)nc3n2)cc1CO,COc1ccc(-c2ccc3c(N4CCOCC4C)nc(N4CCOCC4C)nc3n2)cc1CO,142,0.0
129,CHEMBL2141644,CHEMBL2141644,CC1=C(C2=CC=CC=C2N1)CCNCC3=CC=C(C=C3)C=CC(=O)NO,Cc1[nH]c2ccccc2c1CCNCc1ccc(C=CC(=O)NO)cc1,Cc1[nH]c2ccccc2c1CCNCc1ccc(C=CC(=O)NO)cc1,149,0.0
130,AZ12419304,,CC1=C(C=C(C=C1)C(=O)NC2=CC(=NC=C2)C(F)(F)F)NC3=CC4=C(C=C3)N=CN(C4=O)C,Cc1ccc(C(=O)Nc2ccnc(C(F)(F)F)c2)cc1Nc1ccc2ncn(C)c(=O)c2c1,Cc1ccc(C(=O)Nc2ccnc(C(F)(F)F)c2)cc1Nc1ccc2ncn(C)c(=O)c2c1,155,0.0
131,BGT-226 free base,CHEMBL3218578,CN1C2=CN=C3C=CC(=CC3=C2N(C1=O)C4=CC(=C(C=C4)N5CCNCC5)C(F)(F)F)C6=CN=C(C=C6)OC,COc1ccc(-c2ccc3ncc4c(c3c2)n(-c2ccc(N3CCNCC3)c(C(F)(F)F)c2)c(=O)n4C)cn1,COc1ccc(-c2ccc3ncc4c(c3c2)n(-c2ccc(N3CCNCC3)c(C(F)(F)F)c2)c(=O)n4C)cn1,158,2.0
132,NVP-BGT226,CHEMBL3545096,CN1C2=CN=C3C=CC(=CC3=C2N(C1=O)C4=CC(=C(C=C4)N5CCNCC5)C(F)(F)F)C6=CN=C(C=C6)OC.C(=CC(=O)O)C(=O)O,COc1ccc(-c2ccc3ncc4c(c3c2)n(-c2ccc(N3CCNCC3)c(C(F)(F)F)c2)c(=O)n4C)cn1,COc1ccc(-c2ccc3ncc4c(c3c2)n(-c2ccc(N3CCNCC3)c(C(F)(F)F)c2)c(=O)n4C)cn1,158,2.0
133,1309805-49-9,,C1CN(C[C@@H]1CN2C3=C(C=NC=C3)N=C2C4=CC=C(C=C4)C5=CC6=C(C=C5)OC=C6)C(=O)C7CC7,O=C(C1CC1)N1CC[C@@H](Cn2c(-c3ccc(-c4ccc5occc5c4)cc3)nc3cnccc32)C1,O=C(C1CC1)N1CC[C@@H](Cn2c(-c3ccc(-c4ccc5occc5c4)cc3)nc3cnccc32)C1,162,0.0
134,AZD3463,,COC1=C(C=CC(=C1)N2CCC(CC2)N)NC3=NC=C(C(=N3)C4=CNC5=CC=CC=C54)Cl,COc1cc(N2CCC(N)CC2)ccc1Nc1ncc(Cl)c(-c2c[nH]c3ccccc23)n1,COc1cc(N2CCC(N)CC2)ccc1Nc1ncc(Cl)c(-c2c[nH]c3ccccc23)n1,162,0.0
135,HG-14-10-04,,CN1CCN(CC1)C2CCN(CC2)C3=CC(=C(C=C3)NC4=NC=C(C(=N4)C5=CNC6=CC=CC=C65)Cl)OC,COc1cc(N2CCC(N3CCN(C)CC3)CC2)ccc1Nc1ncc(Cl)c(-c2c[nH]c3ccccc23)n1,COc1cc(N2CCC(N3CCN(C)CC3)CC2)ccc1Nc1ncc(Cl)c(-c2c[nH]c3ccccc23)n1,180,0.0
136,SCHEMBL185621,,CN(C)CC=CC(=O)NC1=C(C=C2C(=C1)C(=NC=N2)NC3=CC(=C(C=C3)F)Cl)OC4CCOC4,CN(C)CC=CC(=O)Nc1cc2c(Nc3ccc(F)c(Cl)c3)ncnc2cc1OC1CCOC1,CN(C)CC=CC(=O)Nc1cc2c(Nc3ccc(F)c(Cl)c3)ncnc2cc1OC1CCOC1,181,0.0
137,"AZ13409007, AKTaz",,COc1cc2c(cc1OC)C3(CCN(CC3)c4c5c([nH]nc5Br)ncn4)C[C@H]2N,COc1cc2c(cc1OC)C1(CCN(c3ncnc4[nH]nc(Br)c34)CC1)C[C@H]2N,COc1cc2c(cc1OC)C1(CCN(c3ncnc4[nH]nc(Br)c34)CC1)C[C@H]2N,184,
138,7728-73-6,CHEMBL2139100,CCC(=C(C1=CC=CC=C1)C2=CC=C(C=C2)OCCN(C)C)C3=CC=CC=C3,CCC(=C(c1ccccc1)c1ccc(OCCN(C)C)cc1)c1ccccc1,CCC(=C(c1ccccc1)c1ccc(OCCN(C)C)cc1)c1ccccc1,185,0.0
139,SCHEMBL224883,CHEMBL3348831,C1CC2=CC=CC3=C2N(C1)C=C3C4C(C(=O)NC4=O)C5=CNC6=CC=CC=C65,O=C1NC(=O)C(c2cn3c4c(cccc24)CCC3)C1c1c[nH]c2ccccc12,O=C1NC(=O)C(c2cn3c4c(cccc24)CCC3)C1c1c[nH]c2ccccc12,189,0.0
140,AZD-4877,CHEMBL1829433,CC1=CC=C(C=C1)C(=O)N(CCCN)C(C2=NC3=C(C(=NS3)C)C(=O)N2CC4=CC=CC=C4)C(C)C,Cc1ccc(C(=O)N(CCCN)C(c2nc3snc(C)c3c(=O)n2Cc2ccccc2)C(C)C)cc1,Cc1ccc(C(=O)N(CCCN)C(c2nc3snc(C)c3c(=O)n2Cc2ccccc2)C(C)C)cc1,189,2.0
141,Chloroquine,CHEMBL76,CCN(CC)CCCC(C)NC1=C2C=CC(=CC2=NC=C1)Cl,CCN(CC)CCCC(C)Nc1ccnc2cc(Cl)ccc12,CCN(CC)CCCC(C)Nc1ccnc2cc(Cl)ccc12,199,
142,Carfilzomib,CHEMBL451887,CC(C)CC(C(=O)C1(CO1)C)NC(=O)C(CC2=CC=CC=C2)NC(=O)C(CC(C)C)NC(=O)C(CCC3=CC=CC=C3)NC(=O)CN4CCOCC4,CC(C)CC(NC(=O)C(CCc1ccccc1)NC(=O)CN1CCOCC1)C(=O)NC(Cc1ccccc1)C(=O)NC(CC(C)C)C(=O)C1(C)CO1,CC(C)CC(NC(=O)C(CCc1ccccc1)NC(=O)CN1CCOCC1)C(=O)NC(Cc1ccccc1)C(=O)NC(CC(C)C)C(=O)C1(C)CO1,223,4.0
143,Buparlisib,CHEMBL2017974,C1COCCN1C2=NC(=NC(=C2)C3=CN=C(C=C3C(F)(F)F)N)N4CCOCC4,Nc1cc(C(F)(F)F)c(-c2cc(N3CCOCC3)nc(N3CCOCC3)n2)cn1,Nc1cc(C(F)(F)F)c(-c2cc(N3CCOCC3)nc(N3CCOCC3)n2)cn1,227,3.0
144,Alpelisib(BYL-719),CHEMBL3348896,CC1=C(SC(=N1)NC(=O)N2CCCC2C(=O)N)C3=CC(=NC=C3)C(C)(C)C(F)(F)F,Cc1nc(NC(=O)N2CCCC2C(N)=O)sc1-c1ccnc(C(C)(C)C(F)(F)F)c1,Cc1nc(NC(=O)N2CCCC2C(N)=O)sc1-c1ccnc(C(C)(C)C(F)(F)F)c1,233,0.0
145,CHEMBL3103191,CHEMBL3103191,CC(=O)NC1=C(C=CC(=C1)NC2=NC3=C(C=NN3C(=C2)NC4CC4)C#N)N(C)CCN(C)C,CC(=O)Nc1cc(Nc2cc(NC3CC3)n3ncc(C#N)c3n2)ccc1N(C)CCN(C)C,CC(=O)Nc1cc(Nc2cc(NC3CC3)n3ncc(C#N)c3n2)ccc1N(C)CCN(C)C,234,0.0
146,Saracatinib,CHEMBL217092,CN1CCN(CC1)CCOC2=CC(=C3C(=C2)N=CN=C3NC4=C(C=CC5=C4OCO5)Cl)OC6CCOCC6,CN1CCN(CCOc2cc(OC3CCOCC3)c3c(Nc4c(Cl)ccc5c4OCO5)ncnc3c2)CC1,CN1CCN(CCOc2cc(OC3CCOCC3)c3c(Nc4c(Cl)ccc5c4OCO5)ncnc3c2)CC1,252,3.0
147,AZ13453202,,CN(C)CC#Cc1ccc(OCCCc2sc(nc2C(=O)O)N3CCc4cccc(C(=O)Nc5nc6ccccc6s5)c4C3)cc1;CN(C)CC#Cc1ccc(cc1)OCCCc2c(nc(s2)N3CCc4cccc(c4C3)C(=O)Nc5nc6ccccc6s5)C(=O)O,CN(C)CC#Cc1ccc(OCCCc2sc(N3CCc4cccc(C(=O)Nc5nc6ccccc6s5)c4C3)nc2C(=O)O)cc1,CN(C)CC#Cc1ccc(OCCCc2sc(N3CCc4cccc(C(=O)Nc5nc6ccccc6s5)c4C3)nc2C(=O)O)cc1,256,
148,KU-60019,CHEMBL2140173,CC1CN(CC(O1)C)CC(=O)NC2=CC3=C(C=C2)SC4=C(C=CC=C4C3)C5=CC(=O)C=C(O5)N6CCOCC6,CC1CN(CC(=O)Nc2ccc3c(c2)Cc2cccc(-c4cc(=O)cc(N5CCOCC5)o4)c2S3)CC(C)O1,CC1CN(CC(=O)Nc2ccc3c(c2)Cc2cccc(-c4cc(=O)cc(N5CCOCC5)o4)c2S3)CC(C)O1,256,0.0
149,Trametinib,CHEMBL2103875,CC1=C2C(=C(N(C1=O)C)NC3=C(C=C(C=C3)I)F)C(=O)N(C(=O)N2C4=CC(=CC=C4)NC(=O)C)C5CC5,CC(=O)Nc1cccc(-n2c(=O)n(C3CC3)c(=O)c3c(Nc4ccc(I)cc4F)n(C)c(=O)c(C)c32)c1,CC(=O)Nc1cccc(-n2c(=O)n(C3CC3)c(=O)c3c(Nc4ccc(I)cc4F)n(C)c(=O)c(C)c32)c1,258,4.0
150,Zoxazolamine,CHEMBL472566,C1=CC2=C(C=C1Cl)N=C(O2)N,Nc1nc2cc(Cl)ccc2o1,Nc1nc2cc(Cl)ccc2o1,264,0.0
151,MEDI3622,,Antibody (MEDI3622),Nc1nc2cc(Cl)ccc2o1,Nc1nc2cc(Cl)ccc2o1,264,
152,717906-29-1,CHEMBL472212,CN(C1=CC=CC=C1CNC2=NC(=NC=C2C(F)(F)F)NC3=CC4=C(C=C3)NC(=O)C4)S(=O)(=O)C,CN(c1ccccc1CNc1nc(Nc2ccc3c(c2)CC(=O)N3)ncc1C(F)(F)F)S(C)(=O)=O,CN(c1ccccc1CNc1nc(Nc2ccc3c(c2)CC(=O)N3)ncc1C(F)(F)F)S(C)(=O)=O,270,0.0
153,Onalespib,CHEMBL1214827,CC(C)C1=C(C=C(C(=C1)C(=O)N2CC3=C(C2)C=C(C=C3)CN4CCN(CC4)C)O)O,CC(C)c1cc(C(=O)N2Cc3ccc(CN4CCN(C)CC4)cc3C2)c(O)cc1O,CC(C)c1cc(C(=O)N2Cc3ccc(CN4CCN(C)CC4)cc3C2)c(O)cc1O,330,2.0
154,AZD1480,CHEMBL1231124,CC1=CC(=NN1)NC2=NC(=NC=C2Cl)N[C@@H](C)C3=NC=C(C=N3)F,Cc1cc(Nc2nc(N[C@@H](C)c3ncc(F)cn3)ncc2Cl)n[nH]1,Cc1cc(Nc2nc(N[C@@H](C)c3ncc(F)cn3)ncc2Cl)n[nH]1,446,2.0
155,AZD1208,CHEMBL2048872,C1CC(CN(C1)C2=C(C=CC=C2C=C3C(=O)NC(=O)S3)C4=CC=CC=C4)N,NC1CCCN(c2c(C=C3SC(=O)NC3=O)cccc2-c2ccccc2)C1,NC1CCCN(c2c(C=C3SC(=O)NC3=O)cccc2-c2ccccc2)C1,466,1.0
156,CHEMBL3103192,CHEMBL3103192,CC(=O)NC1=C(C=CC(=C1)NC2=NC3=C(C=NN3C(=C2)NC4CC4)C#N)N(C)CCN,CC(=O)Nc1cc(Nc2cc(NC3CC3)n3ncc(C#N)c3n2)ccc1N(C)CCN,CC(=O)Nc1cc(Nc2cc(NC3CC3)n3ncc(C#N)c3n2)ccc1N(C)CCN,505,0.0
157,AZD8186,CHEMBL3408248,CC(C1=C2C(=CC(=C1)C(=O)N(C)C)C(=O)C=C(O2)N3CCOCC3)NC4=CC(=CC(=C4)F)F,CC(Nc1cc(F)cc(F)c1)c1cc(C(=O)N(C)C)cc2c(=O)cc(N3CCOCC3)oc12,CC(Nc1cc(F)cc(F)c1)c1cc(C(=O)N(C)C)cc2c(=O)cc(N3CCOCC3)oc12,556,1.0
158,AZD4320,CHEMBL3703600,CN(CCC(CSC1=CC=CC=C1)NC2=C(C=C(C=C2)S(=O)(=O)NC(=O)C3=CC=C(C=C3)N4CCC(CC4)C(C5=CC=CC=C5C6=CC=C(C=C6)Cl)O)S(=O)(=O)C(F)(F)F)CCO,CN(CCO)CCC(CSc1ccccc1)Nc1ccc(S(=O)(=O)NC(=O)c2ccc(N3CCC(C(O)c4ccccc4-c4ccc(Cl)cc4)CC3)cc2)cc1S(=O)(=O)C(F)(F)F,CN(CCO)CCC(CSc1ccccc1)Nc1ccc(S(=O)(=O)NC(=O)c2ccc(N3CCC(C(O)c4ccccc4-c4ccc(Cl)cc4)CC3)cc2)cc1S(=O)(=O)C(F)(F)F,592,0.0
159,AZD6738,,CC1COCCN1C2=NC(=NC(=C2)C3(CC3)S(=N)(=O)C)C4=C5C=CNC5=NC=C4,CC1COCCN1c1cc(C2(S(C)(=N)=O)CC2)nc(-c2ccnc3[nH]ccc23)n1,CC1COCCN1c1cc(C2(S(C)(=N)=O)CC2)nc(-c2ccnc3[nH]ccc23)n1,593,2.0
160,Vinblastine sulfate,CHEMBL378544,CCC1(CC2CC(C3=C(CCN(C2)C1)C4=CC=CC=C4N3)(C5=C(C=C6C(=C5)C78CCN9C7C(C=CC9)(C(C(C8N6C)(C(=O)OC)O)OC(=O)C)CC)OC)C(=O)OC)O.OS(=O)(=O)O,CCC1(O)CC2CN(CCc3c([nH]c4ccccc34)C(C(=O)OC)(c3cc4c(cc3OC)N(C)C3C(O)(C(=O)OC)C(OC(C)=O)C5(CC)C=CCN6CCC43C65)C2)C1,CCC1(O)CC2CN(CCc3c([nH]c4ccccc34)C(C(=O)OC)(c3cc4c(cc3OC)N(C)C3C(O)(C(=O)OC)C(OC(C)=O)C5(CC)C=CCN6CCC43C65)C2)C1,749,4.0
161,vinblastine,CHEMBL159,CCC1(CC2CC(C3=C(CCN(C2)C1)C4=CC=CC=C4N3)(C5=C(C=C6C(=C5)C78CCN9C7C(C=CC9)(C(C(C8N6C)(C(=O)OC)O)OC(=O)C)CC)OC)C(=O)OC)O,CCC1(O)CC2CN(CCc3c([nH]c4ccccc34)C(C(=O)OC)(c3cc4c(cc3OC)N(C)C3C(O)(C(=O)OC)C(OC(C)=O)C5(CC)C=CCN6CCC43C65)C2)C1,CCC1(O)CC2CN(CCc3c([nH]c4ccccc34)C(C(=O)OC)(c3cc4c(cc3OC)N(C)C3C(O)(C(=O)OC)C(OC(C)=O)C5(CC)C=CCN6CCC43C65)C2)C1,749,4.0
162,metformin,CHEMBL1431,CN(C)C(=N)N=C(N)N,CN(C)C(=N)N=C(N)N,CN(C)C(=N)N=C(N)N,750,4.0
163,SR-01000075723,CHEMBL1610678,CC1CC2C3CCC4=CC(=O)C=CC4(C3(C(CC2(C1(C(=O)CO)O)C)O)F)C,CC1CC2C3CCC4=CC(=O)C=CC4(C)C3(F)C(O)CC2(C)C1(O)C(=O)CO,CC1CC2C3CCC4=CC(=O)C=CC4(C)C3(F)C(O)CC2(C)C1(O)C(=O)CO,753,0.0
164,Vinorelbine tartrate,,CCC1=CC2CC(C3=C(CN(C2)C1)C4=CC=CC=C4N3)(C5=C(C=C6C(=C5)C78CCN9C7C(C=CC9)(C(C(C8N6C)(C(=O)OC)O)OC(=O)C)CC)OC)C(=O)OC.C(C(C(=O)O)O)(C(=O)O)O.C(C(C(=O)O)O)(C(=O)O)O,CCC1=CC2CN(C1)Cc1c([nH]c3ccccc13)C(C(=O)OC)(c1cc3c(cc1OC)N(C)C1C(O)(C(=O)OC)C(OC(C)=O)C4(CC)C=CCN5CCC31C54)C2,CCC1=CC2CN(C1)Cc1c([nH]c3ccccc13)C(C(=O)OC)(c1cc3c(cc1OC)N(C)C1C(O)(C(=O)OC)C(OC(C)=O)C4(CC)C=CCN5CCC31C54)C2,825,4.0
165,Navelbine ditartrate (TN),,CCC1=CC2CC(C3=C(CN(C2)C1)C4=CC=CC=C4N3)(C5=C(C=C6C(=C5)C78CCN9C7C(C=CC9)(C(C(C8N6C)(C(=O)OC)O)OC(=O)C)CC)OC)C(=O)OC.C(C(C(=O)O)O)(C(=O)O)O,CCC1=CC2CN(C1)Cc1c([nH]c3ccccc13)C(C(=O)OC)(c1cc3c(cc1OC)N(C)C1C(O)(C(=O)OC)C(OC(C)=O)C4(CC)C=CCN5CCC31C54)C2,CCC1=CC2CN(C1)Cc1c([nH]c3ccccc13)C(C(=O)OC)(c1cc3c(cc1OC)N(C)C1C(O)(C(=O)OC)C(OC(C)=O)C4(CC)C=CCN5CCC31C54)C2,825,0.0
166,vinorelbine,CHEMBL553025,CCC1=CC2CC(C3=C(CN(C2)C1)C4=CC=CC=C4N3)(C5=C(C=C6C(=C5)C78CCN9C7C(C=CC9)(C(C(C8N6C)(C(=O)OC)O)OC(=O)C)CC)OC)C(=O)OC,CCC1=CC2CN(C1)Cc1c([nH]c3ccccc13)C(C(=O)OC)(c1cc3c(cc1OC)N(C)C1C(O)(C(=O)OC)C(OC(C)=O)C4(CC)C=CCN5CCC31C54)C2,CCC1=CC2CN(C1)Cc1c([nH]c3ccccc13)C(C(=O)OC)(c1cc3c(cc1OC)N(C)C1C(O)(C(=O)OC)C(OC(C)=O)C4(CC)C=CCN5CCC31C54)C2,825,4.0
167,AZD5582,CHEMBL3108827,CC(C(=O)NC(C1CCCCC1)C(=O)N2CCCC2C(=O)NC3C(CC4=CC=CC=C34)OCC#CC#CCOC5CC6=CC=CC=C6C5NC(=O)C7CCCN7C(=O)C(C8CCCCC8)NC(=O)C(C)NC)NC,CNC(C)C(=O)NC(C(=O)N1CCCC1C(=O)NC1c2ccccc2CC1OCC#CC#CCOC1Cc2ccccc2C1NC(=O)C1CCCN1C(=O)C(NC(=O)C(C)NC)C1CCCCC1)C1CCCCC1,CNC(C)C(=O)NC(C(=O)N1CCCC1C(=O)NC1c2ccccc2CC1OCC#CC#CCOC1Cc2ccccc2C1NC(=O)C1CCCN1C(=O)C(NC(=O)C(C)NC)C1CCCCC1)C1CCCCC1,877,0.0
168,Olaparib,CHEMBL521686,C1CC1C(=O)N2CCN(CC2)C(=O)C3=C(C=CC(=C3)CC4=NNC(=O)C5=CC=CC=C54)F,O=C(c1cc(Cc2n[nH]c(=O)c3ccccc23)ccc1F)N1CCN(C(=O)C2CC2)CC1,O=C(c1cc(Cc2n[nH]c(=O)c3ccccc23)ccc1F)N1CCN(C(=O)C2CC2)CC1,901,4.0
169,Sapitinib,CHEMBL2408045,CNC(=O)CN1CCC(CC1)OC2=C(C=C3C(=C2)C(=NC=N3)NC4=C(C(=CC=C4)Cl)F)OC,CNC(=O)CN1CCC(Oc2cc3c(Nc4cccc(Cl)c4F)ncnc3cc2OC)CC1,CNC(=O)CN1CCC(Oc2cc3c(Nc4cccc(Cl)c4F)ncnc3cc2OC)CC1,931,2.0
170,957054-30-7,CHEMBL521851,CS(=O)(=O)N1CCN(CC1)CC2=CC3=C(S2)C(=NC(=N3)C4=C5C=NNC5=CC=C4)N6CCOCC6,CS(=O)(=O)N1CCN(Cc2cc3nc(-c4cccc5[nH]ncc45)nc(N4CCOCC4)c3s2)CC1,CS(=O)(=O)N1CCN(Cc2cc3nc(-c4cccc5[nH]ncc45)nc(N4CCOCC4)c3s2)CC1,1043,2.0
171,Cardamonin,CHEMBL378104,COC1=CC(=CC(=C1C(=O)C=CC2=CC=CC=C2)O)O,COc1cc(O)cc(O)c1C(=O)C=Cc1ccccc1,COc1cc(O)cc(O)c1C(=O)C=Cc1ccccc1,1046,0.0
172,AZD4547,CHEMBL3348846,CC1CN(CC(N1)C)C2=CC=C(C=C2)C(=O)NC3=NNC(=C3)CCC4=CC(=CC(=C4)OC)OC,COc1cc(CCc2cc(NC(=O)c3ccc(N4CC(C)NC(C)C4)cc3)n[nH]2)cc(OC)c1,COc1cc(CCc2cc(NC(=O)c3ccc(N4CC(C)NC(C)C4)cc3)n[nH]2)cc(OC)c1,1149,3.0
173,L-778123 free base,CHEMBL279433,C1CN(C(=O)CN1CC2=CN=CN2CC3=CC=C(C=C3)C#N)C4=CC(=CC=C4)Cl,N#Cc1ccc(Cn2cncc2CN2CCN(c3cccc(Cl)c3)C(=O)C2)cc1,N#Cc1ccc(Cn2cncc2CN2CCN(c3cccc(Cl)c3)C(=O)C2)cc1,1189,0.0
174,MRK003,CHEMBL196215,C1CC2CC3=C(CC1C24CN(S(=O)(=O)N4)CC(F)(F)F)C=CC(=C3)C=CCN5CCC(CC5)C(F)(F)F,O=S1(=O)NC2(CN1CC(F)(F)F)C1CCC2Cc2cc(C=CCN3CCC(C(F)(F)F)CC3)ccc2C1,O=S1(=O)NC2(CN1CC(F)(F)F)C1CCC2Cc2cc(C=CCN3CCC(C(F)(F)F)CC3)ccc2C1,1190,0.0
175,MK-4541,,CC12CCC3C(C1CCC2NC(=O)OCC(F)(F)F)CCC4C3(C=CC(=O)N4C)C,CN1C(=O)C=CC2(C)C3CCC4(C)C(NC(=O)OCC(F)(F)F)CCC4C3CCC12,CN1C(=O)C=CC2(C)C3CCC4(C)C(NC(=O)OCC(F)(F)F)CCC4C3CCC12,1190,0.0
176,30562-34-6,,CC1CC(C(C(C=C(C(C(C=CC=C(C(=O)NC2=CC(=O)C(=C(C1)C2=O)OC)C)OC)OC(=O)N)C)C)O)OC,COC1=C2CC(C)CC(OC)C(O)C(C)C=C(C)C(OC(N)=O)C(OC)C=CC=C(C)C(=O)NC(=CC1=O)C2=O,COC1=C2CC(C)CC(OC)C(O)C(C)C=C(C)C(OC(N)=O)C(OC)C=CC=C(C)C(=O)NC(=CC1=O)C2=O,1191,0.0
177,AZD5363,CHEMBL2325741,C1CN(CCC1(C(=O)NC(CCO)C2=CC=C(C=C2)Cl)N)C3=NC=NC4=C3C=CN4,NC1(C(=O)NC(CCO)c2ccc(Cl)cc2)CCN(c2ncnc3[nH]ccc23)CC1,NC1(C(=O)NC(CCO)c2ccc(Cl)cc2)CCN(c2ncnc3[nH]ccc23)CC1,1192,2.0
178,MK-5108,CHEMBL3182444,C1CC(CCC1OC2=C(C(=CC=C2)Cl)F)(CC3=NC(=CC=C3)NC4=NC=CS4)C(=O)O,O=C(O)C1(Cc2cccc(Nc3nccs3)n2)CCC(Oc2cccc(Cl)c2F)CC1,O=C(O)C1(Cc2cccc(Nc3nccs3)n2)CCC(Oc2cccc(Cl)c2F)CC1,1197,1.0
179,891494-64-7,,CN1C=C(C=N1)C2=C3N=C(C(=C(N3N=C2)N)Br)C4CCCNC4,Cn1cc(-c2cnn3c(N)c(Br)c(C4CCCNC4)nc23)cn1,Cn1cc(-c2cnn3c(N)c(Br)c(C4CCCNC4)nc23)cn1,1254,0.0
180,NCGC00346481-01,,CC1CCC2CC(C(=CC=CC=CC(CC(C(=O)C(C(C(=CC(C(=O)CC(OC(=O)C3CCCCN3C(=O)C(=O)C1(O2)O)C(C)CC4CCC(C(C4)OC)OP(=O)(C)C)C)C)O)OC)C)C)C)OC,COC1CC2CCC(C)C(O)(O2)C(=O)C(=O)N2CCCCC2C(=O)OC(C(C)CC2CCC(OP(C)(C)=O)C(OC)C2)CC(=O)C(C)C=C(C)C(O)C(OC)C(=O)C(C)CC(C)C=CC=CC=C1C,COC1CC2CCC(C)C(O)(O2)C(=O)C(=O)N2CCCCC2C(=O)OC(C(C)CC2CCC(OP(C)(C)=O)C(OC)C2)CC(=O)C(C)C=C(C)C(O)C(OC)C(=O)C(C)CC(C)C=CC=CC=C1C,1297,0.0
181,ZINC34894448,,CCC1=C2N=C(C=C(N2N=C1)NCC3=C[N+](=CC=C3)[O-])N4CCCCC4CCO,CCc1cnn2c(NCc3ccc[n+]([O-])c3)cc(N3CCCCC3CCO)nc12,CCc1cnn2c(NCc3ccc[n+]([O-])c3)cc(N3CCCCC3CCO)nc12,1298,0.0
182,391210-10-9,CHEMBL507361,C1=CC(=C(C=C1I)F)NC2=C(C=CC(=C2F)F)C(=O)NOCC(CO)O,O=C(NOCC(O)CO)c1ccc(F)c(F)c1Nc1ccc(I)cc1F,O=C(NOCC(O)CO)c1ccc(F)c(F)c1Nc1ccc(I)cc1F,1309,2.0
183,Niraparib,CHEMBL1094636,C1CC(CNC1)C2=CC=C(C=C2)N3C=C4C=CC=C(C4=N3)C(=O)N,NC(=O)c1cccc2cn(-c3ccc(C4CCCNC4)cc3)nc12,NC(=O)c1cccc2cn(-c3ccc(C4CCCNC4)cc3)nc12,1309,4.0
184,SCHEMBL20734874,,CC1COCCN1C2=NC(=NC3=C2C=CC(=N3)C4=CC(=CC=C4)C(=O)NC)N5CCOCC5C,CNC(=O)c1cccc(-c2ccc3c(N4CCOCC4C)nc(N4CCOCC4C)nc3n2)c1,CNC(=O)c1cccc(-c2ccc3c(N4CCOCC4C)nc(N4CCOCC4C)nc3n2)c1,1319,0.0
185,112648-68-7,CHEMBL1256678,C[C@]12CC[C@H]3[C@H]([C@@H]1CC[C@@H]2NCCCCCCN4C(=O)C=CC4=O)CCC5=C3C=CC(=C5)OC,COc1ccc2c(c1)CC[C@@H]1[C@@H]2CC[C@]2(C)[C@@H](NCCCCCCN3C(=O)C=CC3=O)CC[C@@H]12,COc1ccc2c(c1)CC[C@@H]1[C@@H]2CC[C@]2(C)[C@@H](NCCCCCCN3C(=O)C=CC3=O)CC[C@@H]12,1640,0.0
186,Daporinad,CHEMBL566757,C1CN(CCC1CCCCNC(=O)/C=C/C2=CN=CC=C2)C(=O)C3=CC=CC=C3,O=C(/C=C/c1cccnc1)NCCCCC1CCN(C(=O)c2ccccc2)CC1,O=C(/C=C/c1cccnc1)NCCCCC1CCN(C(=O)c2ccccc2)CC1,1654,2.0
187,IMD-0354,CHEMBL536151,C1=CC(=C(C=C1Cl)C(=O)NC2=CC(=CC(=C2)C(F)(F)F)C(F)(F)F)O,O=C(Nc1cc(C(F)(F)F)cc(C(F)(F)F)c1)c1cc(Cl)ccc1O,O=C(Nc1cc(C(F)(F)F)cc(C(F)(F)F)c1)c1cc(Cl)ccc1O,1745,0.0
188,FH535,CHEMBL2363137,CC1=C(C=CC(=C1)[N+](=O)[O-])NS(=O)(=O)C2=C(C=CC(=C2)Cl)Cl,Cc1cc([N+](=O)[O-])ccc1NS(=O)(=O)c1cc(Cl)ccc1Cl,Cc1cc([N+](=O)[O-])ccc1NS(=O)(=O)c1cc(Cl)ccc1Cl,1757,0.0
189,BI 2536,CHEMBL513909,CCC1C(=O)N(C2=CN=C(N=C2N1C3CCCC3)NC4=C(C=C(C=C4)C(=O)NC5CCN(CC5)C)OC)C,CCC1C(=O)N(C)c2cnc(Nc3ccc(C(=O)NC4CCN(C)CC4)cc3OC)nc2N1C1CCCC1,CCC1C(=O)N(C)c2cnc(Nc3ccc(C(=O)NC4CCN(C)CC4)cc3OC)nc2N1C1CCCC1,1770,2.0
190,Linsitinib,CHEMBL1996234,CC1(CC(C1)C2=NC(=C3N2C=CN=C3N)C4=CC5=C(C=C4)C=CC(=N5)C6=CC=CC=C6)O,CC1(O)CC(c2nc(-c3ccc4ccc(-c5ccccc5)nc4c3)c3c(N)nccn23)C1,CC1(O)CC(c2nc(-c3ccc4ccc(-c5ccccc5)nc4c3)c3c(N)nccn23)C1,1791,3.0
191,Elesclomol,CHEMBL1972860,CN(C(=S)C1=CC=CC=C1)NC(=O)CC(=O)NN(C)C(=S)C2=CC=CC=C2,CN(NC(=O)CC(=O)NN(C)C(=S)c1ccccc1)C(=S)c1ccccc1,CN(NC(=O)CC(=O)NN(C)C(=S)c1ccccc1)C(=S)c1ccccc1,1795,3.0
192,KU-55933,CHEMBL222102,C1COCCN1C2=CC(=O)C=C(O2)C3=C4C(=CC=C3)SC5=CC=CC=C5S4,O=c1cc(-c2cccc3c2Sc2ccccc2S3)oc(N2CCOCC2)c1,O=c1cc(-c2cccc3c2Sc2ccccc2S3)oc(N2CCOCC2)c1,1798,0.0
193,504433-23-2,CHEMBL1516890,CN1C=C(C2=CC=CC=C21)C=C3C4=C(C=CC=N4)NC3=O,Cn1cc(C=C2C(=O)Nc3cccnc32)c2ccccc21,Cn1cc(C=C2C(=O)Nc3cccnc32)c2ccccc21,1805,0.0
194,Silmitasertib,CHEMBL1230165,C1=CC(=CC(=C1)Cl)NC2=C3C=CN=CC3=C4C=CC(=CC4=N2)C(=O)O,O=C(O)c1ccc2c(c1)nc(Nc1cccc(Cl)c1)c1ccncc12,O=C(O)c1ccc2c(c1)nc(Nc1cccc(Cl)c1)c1ccncc12,1807,2.0
195,PLX-4720,CHEMBL1230020,CCCS(=O)(=O)NC1=C(C(=C(C=C1)F)C(=O)C2=CNC3=NC=C(C=C23)Cl)F,CCCS(=O)(=O)Nc1ccc(F)c(C(=O)c2c[nH]c3ncc(Cl)cc23)c1F,CCCS(=O)(=O)Nc1ccc(F)c(C(=O)c2c[nH]c3ncc(Cl)cc23)c1F,1814,0.0
196,EMBELIN,CHEMBL221137,CCCCCCCCCCCC1=C(C(=O)C=C(C1=O)O)O,CCCCCCCCCCCC1=C(O)C(=O)C=C(O)C1=O,CCCCCCCCCCCC1=C(O)C(=O)C=C(O)C1=O,1814,0.0
197,900515-16-4,CHEMBL3187942,C1=CC(=C(C=C1F)O)C2=CC=C(O2)C=C3C(=O)NC(=O)S3,O=C1NC(=O)C(=Cc2ccc(-c3ccc(F)cc3O)o2)S1,O=C1NC(=O)C(=Cc2ccc(-c3ccc(F)cc3O)o2)S1,1824,0.0
198,Tozasertib,CHEMBL572878,CC1=CC(=NN1)NC2=NC(=NC(=C2)N3CCN(CC3)C)SC4=CC=C(C=C4)NC(=O)C5CC5,Cc1cc(Nc2cc(N3CCN(C)CC3)nc(Sc3ccc(NC(=O)C4CC4)cc3)n2)n[nH]1,Cc1cc(Nc2cc(N3CCN(C)CC3)nc(Sc3ccc(NC(=O)C4CC4)cc3)n2)n[nH]1,1825,2.0
199,Dovitinib,CHEMBL522892,CN1CCN(CC1)C2=CC3=C(C=C2)NC(=C4C(=C5C(=NC4=O)C=CC=C5F)N)N3; CN1CCN(CC1)C2=CC3=C(C=C2)N=C(N3)C4=C(C5=C(C=CC=C5F)NC4=O)N,CN1CCN(c2ccc3c(c2)NC(=C2C(=O)N=c4cccc(F)c4=C2N)N3)CC1,CN1CCN(c2ccc3c(c2)NC(=C2C(=O)N=c4cccc(F)c4=C2N)N3)CC1,1828,3.0
200,OSU-03012,CHEMBL1650595,C1=CC=C2C(=C1)C=CC3=C2C=CC(=C3)C4=CC(=NN4C5=CC=C(C=C5)NC(=O)CN)C(F)(F)F,NCC(=O)Nc1ccc(-n2nc(C(F)(F)F)cc2-c2ccc3c(ccc4ccccc43)c2)cc1,NCC(=O)Nc1ccc(-n2nc(C(F)(F)F)cc2-c2ccc3c(ccc4ccccc43)c2)cc1,1829,1.0
201,T0901317,CHEMBL62136,C1=CC=C(C=C1)S(=O)(=O)N(CC(F)(F)F)C2=CC=C(C=C2)C(C(F)(F)F)(C(F)(F)F)O,O=S(=O)(c1ccccc1)N(CC(F)(F)F)c1ccc(C(O)(C(F)(F)F)C(F)(F)F)cc1,O=S(=O)(c1ccccc1)N(CC(F)(F)F)c1ccc(C(O)(C(F)(F)F)C(F)(F)F)cc1,1830,0.0
202,ZM 336372,CHEMBL186526,CC1=C(C=C(C=C1)NC(=O)C2=CC(=CC=C2)N(C)C)NC(=O)C3=CC=C(C=C3)O,Cc1ccc(NC(=O)c2cccc(N(C)C)c2)cc1NC(=O)c1ccc(O)cc1,Cc1ccc(NC(=O)c2cccc(N(C)C)c2)cc1NC(=O)c1ccc(O)cc1,1833,0.0
203,GW9662,CHEMBL375270,C1=CC=C(C=C1)NC(=O)C2=C(C=CC(=C2)[N+](=O)[O-])Cl,O=C(Nc1ccccc1)c1cc([N+](=O)[O-])ccc1Cl,O=C(Nc1ccccc1)c1cc([N+](=O)[O-])ccc1Cl,1836,0.0
204,TCS JNK 5a,CHEMBL233001,C1CCC2=C(C1)C(=C(S2)NC(=O)C3=CC=CC4=CC=CC=C43)C#N,N#Cc1c(NC(=O)c2cccc3ccccc23)sc2c1CCCC2,N#Cc1c(NC(=O)c2cccc3ccccc23)sc2c1CCCC2,1839,0.0
205,nilutamide,CHEMBL1274,CC1(C(=O)N(C(=O)N1)C2=CC(=C(C=C2)[N+](=O)[O-])C(F)(F)F)C,CC1(C)NC(=O)N(c2ccc([N+](=O)[O-])c(C(F)(F)F)c2)C1=O,CC1(C)NC(=O)N(c2ccc([N+](=O)[O-])c(C(F)(F)F)c2)C1=O,1840,4.0
206,GSK 650394,CHEMBL558642,C1CCC(C1)C2=C(C=CC(=C2)C3=CNC4=NC=C(C=C34)C5=CC=CC=C5)C(=O)O,O=C(O)c1ccc(-c2c[nH]c3ncc(-c4ccccc4)cc23)cc1C1CCCC1,O=C(O)c1ccc(-c2c[nH]c3ncc(-c4ccccc4)cc23)cc1C1CCCC1,1846,0.0
207,RAF265,CHEMBL558752,CN1C2=C(C=C(C=C2)OC3=CC(=NC=C3)C4=NC=C(N4)C(F)(F)F)N=C1NC5=CC=C(C=C5)C(F)(F)F,Cn1c(Nc2ccc(C(F)(F)F)cc2)nc2cc(Oc3ccnc(-c4ncc(C(F)(F)F)[nH]4)c3)ccc21,Cn1c(Nc2ccc(C(F)(F)F)cc2)nc2cc(Oc3ccnc(-c4ncc(C(F)(F)F)[nH]4)c3)ccc21,1850,2.0
208,Cediranib,CHEMBL491473,CC1=CC2=C(N1)C=CC(=C2F)OC3=NC=NC4=CC(=C(C=C43)OC)OCCCN5CCCC5,COc1cc2c(Oc3ccc4[nH]c(C)cc4c3F)ncnc2cc1OCCCN1CCCC1,COc1cc2c(Oc3ccc4[nH]c(C)cc4c3F)ncnc2cc1OCCCN1CCCC1,1852,3.0
209,Fingolimod,CHEMBL314854,CCCCCCCCC1=CC=C(C=C1)CCC(CO)(CO)N,CCCCCCCCc1ccc(CCC(N)(CO)CO)cc1,CCCCCCCCc1ccc(CCC(N)(CO)CO)cc1,1858,4.0
210,Fingolimod hydrochloride,CHEMBL544665,CCCCCCCCC1=CC=C(C=C1)CCC(CO)(CO)N.Cl,CCCCCCCCc1ccc(CCC(N)(CO)CO)cc1,CCCCCCCCc1ccc(CCC(N)(CO)CO)cc1,1858,4.0
211,vincristine,CHEMBL90555,CCC1(CC2CC(C3=C(CCN(C2)C1)C4=CC=CC=C4N3)(C5=C(C=C6C(=C5)C78CCN9C7C(C=CC9)(C(C(C8N6C=O)(C(=O)OC)O)OC(=O)C)CC)OC)C(=O)OC)O,CCC1(O)CC2CN(CCc3c([nH]c4ccccc34)C(C(=O)OC)(c3cc4c(cc3OC)N(C=O)C3C(O)(C(=O)OC)C(OC(C)=O)C5(CC)C=CCN6CCC43C65)C2)C1,CCC1(O)CC2CN(CCc3c([nH]c4ccccc34)C(C(=O)OC)(c3cc4c(cc3OC)N(C=O)C3C(O)(C(=O)OC)C(OC(C)=O)C5(CC)C=CCN6CCC43C65)C2)C1,1882,4.0
212,Vincristine sulfate,CHEMBL501867,CCC1(CC2CC(C3=C(CCN(C2)C1)C4=CC=CC=C4N3)(C5=C(C=C6C(=C5)C78CCN9C7C(C=CC9)(C(C(C8N6C=O)(C(=O)OC)O)OC(=O)C)CC)OC)C(=O)OC)O.OS(=O)(=O)O,CCC1(O)CC2CN(CCc3c([nH]c4ccccc34)C(C(=O)OC)(c3cc4c(cc3OC)N(C=O)C3C(O)(C(=O)OC)C(OC(C)=O)C5(CC)C=CCN6CCC43C65)C2)C1,CCC1(O)CC2CN(CCc3c([nH]c4ccccc34)C(C(=O)OC)(c3cc4c(cc3OC)N(C=O)C3C(O)(C(=O)OC)C(OC(C)=O)C5(CC)C=CCN6CCC43C65)C2)C1,1882,4.0
213,TCS 401,,C1CNCC2=C1C(=C(S2)NC(=O)C(=O)O)C(=O)O.Cl,O=C(O)C(=O)Nc1sc2c(c1C(=O)O)CCNC2,O=C(O)C(=O)Nc1sc2c(c1C(=O)O)CCNC2,1887,0.0
214,GW2580,CHEMBL261849,COC1=CC=C(C=C1)COC2=C(C=C(C=C2)CC3=CN=C(N=C3N)N)OC,COc1ccc(COc2ccc(Cc3cnc(N)nc3N)cc2OC)cc1,COc1ccc(COc2ccc(Cc3cnc(N)nc3N)cc2OC)cc1,1897,0.0
215,VX-702,CHEMBL1090090,C1=CC(=C(C(=C1)F)N(C2=NC(=C(C=C2)C(=O)N)C3=C(C=C(C=C3)F)F)C(=O)N)F,NC(=O)c1ccc(N(C(N)=O)c2c(F)cccc2F)nc1-c1ccc(F)cc1F,NC(=O)c1ccc(N(C(N)=O)c2c(F)cccc2F)nc1-c1ccc(F)cc1F,1899,2.0
216,BI-78D3,CHEMBL508280,C1COC2=C(O1)C=CC(=C2)N3C(=O)NN=C3SC4=NC=C(S4)[N+](=O)[O-],O=c1[nH]nc(Sc2ncc([N+](=O)[O-])s2)n1-c1ccc2c(c1)OCCO2,O=c1[nH]nc(Sc2ncc([N+](=O)[O-])s2)n1-c1ccc2c(c1)OCCO2,1903,0.0
217,CHEMBL1254007,CHEMBL1254007,CN1C=CC2=C1C(=NC=N2)OC3=CC(=C(C=C3)NC(=O)NC4=CC=CC(=C4)C(F)(F)F)F,Cn1ccc2ncnc(Oc3ccc(NC(=O)Nc4cccc(C(F)(F)F)c4)c(F)c3)c21,Cn1ccc2ncnc(Oc3ccc(NC(=O)Nc4cccc(C(F)(F)F)c4)c(F)c3)c21,1906,0.0
218,lfm-a13,CHEMBL228043,CC(=C(C#N)C(=O)NC1=C(C=CC(=C1)Br)Br)O,CC(O)=C(C#N)C(=O)Nc1cc(Br)ccc1Br,CC(O)=C(C#N)C(=O)Nc1cc(Br)ccc1Br,1906,0.0
219,Stibogluconate,,C(C(C1C(C(O[Sb](=O)(O1)O[Sb]2(=O)OC(C(C(O2)C(=O)O)O)C(CO)O)C(=O)O)O)O)O,O=C(O)C1O[Sb](=O)(O[Sb]2(=O)OC(C(=O)O)C(O)C(C(O)CO)O2)OC(C(O)CO)C1O,O=C(O)C1O[Sb](=O)(O[Sb]2(=O)OC(C(=O)O)C(O)C(C(O)CO)O2)OC(C(O)CO)C1O,1909,0.0
220,284028-89-3,CHEMBL1086580,C1CSCC2=C1NC(=NC2=O)C3=CC=C(C=C3)C(F)(F)F; C1CSCC2=C1N=C(NC2=O)C3=CC=C(C=C3)C(F)(F)F,O=c1nc(-c2ccc(C(F)(F)F)cc2)[nH]c2c1CSCC2,O=c1nc(-c2ccc(C(F)(F)F)cc2)[nH]c2c1CSCC2,1910,0.0
221,NCGC00163424-03,,CC1CC(C(C(C=C(C(C(C=CC=C(C(=O)NC2=CC(=O)C(=C(C1)C2=O)NCC=C)C)OC)OC(=O)N)C)C)O)OC,C=CCNC1=C2CC(C)CC(OC)C(O)C(C)C=C(C)C(OC(N)=O)C(OC)C=CC=C(C)C(=O)NC(=CC1=O)C2=O,C=CCNC1=C2CC(C)CC(OC)C(O)C(C)C=C(C)C(OC(N)=O)C(OC)C=CC=C(C)C(=O)NC(=CC1=O)C2=O,1910,0.0
222,844499-71-4,CHEMBL512504,C1=CC=C(C(=C1)C2=CC=C(C=C2)C3=CSC4=C3C(=C(C(=O)N4)C#N)O)O,N#Cc1c(O)c2c(-c3ccc(-c4ccccc4O)cc3)csc2[nH]c1=O,N#Cc1c(O)c2c(-c3ccc(-c4ccccc4O)cc3)csc2[nH]c1=O,1911,0.0
223,JZL184,CHEMBL576786,C1CN(CCC1C(C2=CC3=C(C=C2)OCO3)(C4=CC5=C(C=C4)OCO5)O)C(=O)OC6=CC=C(C=C6)[N+](=O)[O-],O=C(Oc1ccc([N+](=O)[O-])cc1)N1CCC(C(O)(c2ccc3c(c2)OCO3)c2ccc3c(c2)OCO3)CC1,O=C(Oc1ccc([N+](=O)[O-])cc1)N1CCC(C(O)(c2ccc3c(c2)OCO3)c2ccc3c(c2)OCO3)CC1,1912,0.0
224,Bexarotene,CHEMBL1023,CC1=CC2=C(C=C1C(=C)C3=CC=C(C=C3)C(=O)O)C(CCC2(C)C)(C)C,C=C(c1ccc(C(=O)O)cc1)c1cc2c(cc1C)C(C)(C)CCC2(C)C,C=C(c1ccc(C(=O)O)cc1)c1cc2c(cc1C)C(C)(C)CCC2(C)C,1914,4.0
225,GW0742,CHEMBL38508,CC1=C(C=CC(=C1)SCC2=C(N=C(S2)C3=CC(=C(C=C3)C(F)(F)F)F)C)OCC(=O)O,Cc1cc(SCc2sc(-c3ccc(C(F)(F)F)c(F)c3)nc2C)ccc1OCC(=O)O,Cc1cc(SCc2sc(-c3ccc(C(F)(F)F)c(F)c3)nc2C)ccc1OCC(=O)O,1916,0.0
226,218137-86-1,CHEMBL477382,CCCCCCCCC1C(C(=C)C(=O)O1)C(=O)O,C=C1C(=O)OC(CCCCCCCC)C1C(=O)O,C=C1C(=O)OC(CCCCCCCC)C1C(=O)O,1916,0.0
227,934593-90-5,CHEMBL427092,COC(=O)C1=CC(=C(C=C1)O)NC(=O)COC2=CC=C(C=C2)C34CC5CC(C3)CC(C5)C4,COC(=O)c1ccc(O)c(NC(=O)COc2ccc(C34CC5CC(CC(C5)C3)C4)cc2)c1,COC(=O)c1ccc(O)c(NC(=O)COc2ccc(C34CC5CC(CC(C5)C3)C4)cc2)c1,1917,0.0
228,303727-31-3,CHEMBL373011,C1=CC=C(C=C1)C2=NC(=C(N2)C3=CC=NC=C3)C4=CC(=C(C=C4)Cl)O,Oc1cc(-c2nc(-c3ccccc3)[nH]c2-c2ccncc2)ccc1Cl,Oc1cc(-c2nc(-c3ccccc3)[nH]c2-c2ccncc2)ccc1Cl,1917,0.0
229,SMI-4a,CHEMBL3183803,C1=CC(=CC(=C1)C(F)(F)F)C=C2C(=O)NC(=O)S2,O=C1NC(=O)C(=Cc2cccc(C(F)(F)F)c2)S1,O=C1NC(=O)C(=Cc2cccc(C(F)(F)F)c2)S1,1920,0.0
230,"(3S,4R)-Tofacitinib",CHEMBL459977,CC1CCN(CC1N(C)C2=NC=NC3=C2C=CN3)C(=O)CC#N,CC1CCN(C(=O)CC#N)CC1N(C)c1ncnc2[nH]ccc12,CC1CCN(C(=O)CC#N)CC1N(C)c1ncnc2[nH]ccc12,1921,0.0
231,841290-80-0,CHEMBL475251,CC1(C(=O)NC2=C(O1)C=CC(=N2)NC3=NC(=NC=C3F)NC4=CC(=C(C(=C4)OC)OC)OC)C,COc1cc(Nc2ncc(F)c(Nc3ccc4c(n3)NC(=O)C(C)(C)O4)n2)cc(OC)c1OC,COc1cc(Nc2ncc(F)c(Nc3ccc4c(n3)NC(=O)C(C)(C)O4)n2)cc(OC)c1OC,1921,2.0
232,GSK0660,CHEMBL592652,COC1=C(C=CC(=C1)NC2=CC=CC=C2)NS(=O)(=O)C3=C(SC=C3)C(=O)OC,COC(=O)c1sccc1S(=O)(=O)Nc1ccc(Nc2ccccc2)cc1OC,COC(=O)c1sccc1S(=O)(=O)Nc1ccc(Nc2ccccc2)cc1OC,1925,0.0
233,219580-11-7,CHEMBL189584,CCN(CC)CCCCNC1=NC2=NC(=C(C=C2C=N1)C3=CC(=CC(=C3)OC)OC)NC(=O)NC(C)(C)C,CCN(CC)CCCCNc1ncc2cc(-c3cc(OC)cc(OC)c3)c(NC(=O)NC(C)(C)C)nc2n1,CCN(CC)CCCCNc1ncc2cc(-c3cc(OC)cc(OC)c3)c(NC(=O)NC(C)(C)C)nc2n1,1925,0.0
234,Tipifarnib,CHEMBL289228,CN1C=NC=C1C(C2=CC=C(C=C2)Cl)(C3=CC4=C(C=C3)N(C(=O)C=C4C5=CC(=CC=C5)Cl)C)N,Cn1cncc1C(N)(c1ccc(Cl)cc1)c1ccc2c(c1)c(-c1cccc(Cl)c1)cc(=O)n2C,Cn1cncc1C(N)(c1ccc(Cl)cc1)c1ccc2c(c1)c(-c1cccc(Cl)c1)cc(=O)n2C,1925,3.0
235,Palbociclib,CHEMBL189963,CC1=C(C(=O)N(C2=NC(=NC=C12)NC3=NC=C(C=C3)N4CCNCC4)C5CCCC5)C(=O)C,CC(=O)c1c(C)c2cnc(Nc3ccc(N4CCNCC4)cn3)nc2n(C2CCCC2)c1=O,CC(=O)c1c(C)c2cnc(Nc3ccc(N4CCNCC4)cn3)nc2n(C2CCCC2)c1=O,1926,4.0
236,827022-32-2,CHEMBL3962672,CC1=C(C(=O)N(C2=NC(=NC=C12)NC3=NC=C(C=C3)N4CCNCC4)C5CCCC5)C(=O)C.Cl,CC(=O)c1c(C)c2cnc(Nc3ccc(N4CCNCC4)cn3)nc2n(C2CCCC2)c1=O,CC(=O)c1c(C)c2cnc(Nc3ccc(N4CCNCC4)cn3)nc2n(C2CCCC2)c1=O,1926,0.0
237,IPA-3,CHEMBL472940,C1=CC=C2C(=C1)C=CC(=C2SSC3=C(C=CC4=CC=CC=C43)O)O,Oc1ccc2ccccc2c1SSc1c(O)ccc2ccccc12,Oc1ccc2ccccc2c1SSc1c(O)ccc2ccccc12,1926,0.0
238,SNS-032,CHEMBL296468,CC(C)(C)C1=CN=C(O1)CSC2=CN=C(S2)NC(=O)C3CCNCC3,CC(C)(C)c1cnc(CSc2cnc(NC(=O)C3CCNCC3)s2)o1,CC(C)(C)c1cnc(CSc2cnc(NC(=O)C3CCNCC3)s2)o1,1928,1.0
239,QS11,CHEMBL259181,C1CC2=C(C1)C=C(C=C2)OC3=NC4=C(C(=N3)N[C@@H](CC5=CC=CC=C5)CO)N=CN4CC6=CC=C(C=C6)C7=CC=CC=C7,OC[C@H](Cc1ccccc1)Nc1nc(Oc2ccc3c(c2)CCC3)nc2c1ncn2Cc1ccc(-c2ccccc2)cc1,OC[C@H](Cc1ccccc1)Nc1nc(Oc2ccc3c(c2)CCC3)nc2c1ncn2Cc1ccc(-c2ccccc2)cc1,1929,0.0
240,PF-562271,CHEMBL1084546,CN(C1=C(C=CC=N1)CNC2=NC(=NC=C2C(F)(F)F)NC3=CC4=C(C=C3)NC(=O)C4)S(=O)(=O)C,CN(c1ncccc1CNc1nc(Nc2ccc3c(c2)CC(=O)N3)ncc1C(F)(F)F)S(C)(=O)=O,CN(c1ncccc1CNc1nc(Nc2ccc3c(c2)CC(=O)N3)ncc1C(F)(F)F)S(C)(=O)=O,1929,1.0
241,Tideglusib,CHEMBL3545157,C1=CC=C(C=C1)CN2C(=O)N(SC2=O)C3=CC=CC4=CC=CC=C43,O=c1sn(-c2cccc3ccccc23)c(=O)n1Cc1ccccc1,O=c1sn(-c2cccc3ccccc23)c(=O)n1Cc1ccccc1,1929,3.0
242,BMS-536924,CHEMBL401930,CC1=CC(=CC2=C1N=C(N2)C3=C(C=CNC3=O)NCC(C4=CC(=CC=C4)Cl)O)N5CCOCC5,Cc1cc(N2CCOCC2)cc2[nH]c(-c3c(NCC(O)c4cccc(Cl)c4)cc[nH]c3=O)nc12,Cc1cc(N2CCOCC2)cc2[nH]c(-c3c(NCC(O)c4cccc(Cl)c4)cc[nH]c3=O)nc12,1930,0.0
243,761439-42-3,CHEMBL509032,CC(C)S(=O)(=O)C1=CC=CC=C1NC2=NC(=NC=C2Cl)NC3=C(C=C(C=C3)N4CCC(CC4)N5CCN(CC5)C)OC,COc1cc(N2CCC(N3CCN(C)CC3)CC2)ccc1Nc1ncc(Cl)c(Nc2ccccc2S(=O)(=O)C(C)C)n1,COc1cc(N2CCC(N3CCN(C)CC3)CC2)ccc1Nc1ncc(Cl)c(Nc2ccccc2S(=O)(=O)C(C)C)n1,1932,0.0
244,Indole-3-carbinol,CHEMBL155625,C1=CC=C2C(=C1)C(=CN2)CO,OCc1c[nH]c2ccccc12,OCc1c[nH]c2ccccc12,1932,1.0
245,XL147,CHEMBL3218575,CC1=CC=C(C=C1)S(=O)(=O)NC2=NC3=CC=CC=C3N=C2NC4=CC5=NSN=C5C=C4,Cc1ccc(S(=O)(=O)Nc2nc3ccccc3nc2Nc2ccc3nsnc3c2)cc1,Cc1ccc(S(=O)(=O)Nc2nc3ccccc3nc2Nc2ccc3nsnc3c2)cc1,1935,2.0
246,Ku-0063794,CHEMBL1078983,CC1CN(CC(O1)C)C2=NC3=C(C=CC(=N3)C4=CC(=C(C=C4)OC)CO)C(=N2)N5CCOCC5,COc1ccc(-c2ccc3c(N4CCOCC4)nc(N4CC(C)OC(C)C4)nc3n2)cc1CO,COc1ccc(-c2ccc3c(N4CCOCC4)nc(N4CC(C)OC(C)C4)nc3n2)cc1CO,1935,2.0
247,SCHEMBL1737451,,CN(C)S(=O)(=O)C1=CC2=C(C=C1)NC(=O)C2=CC3=CC4=C(N3)CCCC4,CN(C)S(=O)(=O)c1ccc2c(c1)C(=Cc1cc3c([nH]1)CCCC3)C(=O)N2,CN(C)S(=O)(=O)c1ccc2c(c1)C(=Cc1cc3c([nH]1)CCCC3)C(=O)N2,1935,0.0
248,Pioglitazone,CHEMBL595,CCC1=CN=C(C=C1)CCOC2=CC=C(C=C2)CC3C(=O)NC(=O)S3,CCc1ccc(CCOc2ccc(CC3SC(=O)NC3=O)cc2)nc1,CCc1ccc(CCOc2ccc(CC3SC(=O)NC3=O)cc2)nc1,1936,4.0
249,pioglitazone hydrochloride,CHEMBL1715,CCC1=CN=C(C=C1)CCOC2=CC=C(C=C2)CC3C(=O)NC(=O)S3.Cl,CCc1ccc(CCOc2ccc(CC3SC(=O)NC3=O)cc2)nc1,CCc1ccc(CCOc2ccc(CC3SC(=O)NC3=O)cc2)nc1,1936,4.0
250,Vatalanib dihydrochloride,CHEMBL2142861,C1=CC=C2C(=C1)C(=NN=C2NC3=CC=C(C=C3)Cl)CC4=CC=NC=C4.Cl.Cl,Clc1ccc(Nc2nnc(Cc3ccncc3)c3ccccc23)cc1,Clc1ccc(Nc2nnc(Cc3ccncc3)c3ccccc23)cc1,1937,3.0
251,Vatalanib,CHEMBL101253,C1=CC=C2C(=C1)C(=NN=C2NC3=CC=C(C=C3)Cl)CC4=CC=NC=C4,Clc1ccc(Nc2nnc(Cc3ccncc3)c3ccccc23)cc1,Clc1ccc(Nc2nnc(Cc3ccncc3)c3ccccc23)cc1,1937,3.0
252,nutlin-3B,CHEMBL2152332,CC(C)OC1=C(C=CC(=C1)OC)C2=NC(C(N2C(=O)N3CCNC(=O)C3)C4=CC=C(C=C4)Cl)C5=CC=C(C=C5)Cl,COc1ccc(C2=NC(c3ccc(Cl)cc3)C(c3ccc(Cl)cc3)N2C(=O)N2CCNC(=O)C2)c(OC(C)C)c1,COc1ccc(C2=NC(c3ccc(Cl)cc3)C(c3ccc(Cl)cc3)N2C(=O)N2CCNC(=O)C2)c(OC(C)C)c1,1938,0.0
253,Lestaurtinib,CHEMBL603469,C[C@@]12[C@](C[C@@H](O1)N3C4=CC=CC=C4C5=C6C(=C7C8=CC=CC=C8N2C7=C53)CNC6=O)(CO)O,C[C@]12O[C@H](C[C@]1(O)CO)n1c3ccccc3c3c4c(c5c6ccccc6n2c5c31)CNC4=O,C[C@]12O[C@H](C[C@]1(O)CO)n1c3ccccc3c3c4c(c5c6ccccc6n2c5c31)CNC4=O,1939,3.0
254,49843-98-3,CHEMBL420311,C1CC(C2=C(C1)C3=C(N2)C=CC(=C3)Cl)C(=O)N,NC(=O)C1CCCc2c1[nH]c1ccc(Cl)cc21,NC(=O)C1CCCc2c1[nH]c1ccc(Cl)cc21,1941,2.0
255,Darinaparsin,CHEMBL3247378,C[As](C)SCC(C(=O)NCC(=O)O)NC(=O)CCC(C(=O)O)N,C[As](C)SCC(NC(=O)CCC(N)C(=O)O)C(=O)NCC(=O)O,C[As](C)SCC(NC(=O)CCC(N)C(=O)O)C(=O)NCC(=O)O,1942,2.0
256,dorsomorphin,CHEMBL478629,C1CCN(CC1)CCOC2=CC=C(C=C2)C3=CN4C(=C(C=N4)C5=CC=NC=C5)N=C3,c1cc(-c2cnn3cc(-c4ccc(OCCN5CCCCC5)cc4)cnc23)ccn1,c1cc(-c2cnn3cc(-c4ccc(OCCN5CCCCC5)cc4)cnc23)ccn1,1944,0.0
257,Midostaurin,CHEMBL608533,C[C@@]12[C@@H]([C@@H](C[C@@H](O1)N3C4=CC=CC=C4C5=C6C(=C7C8=CC=CC=C8N2C7=C53)CNC6=O)N(C)C(=O)C9=CC=CC=C9)OC,CO[C@@H]1[C@H](N(C)C(=O)c2ccccc2)C[C@H]2O[C@]1(C)n1c3ccccc3c3c4c(c5c6ccccc6n2c5c31)C(=O)NC4,CO[C@@H]1[C@H](N(C)C(=O)c2ccccc2)C[C@H]2O[C@]1(C)n1c3ccccc3c3c4c(c5c6ccccc6n2c5c31)C(=O)NC4,1949,4.0
258,SNS-314,CHEMBL482767,C1=CC(=CC(=C1)Cl)NC(=O)NC2=NC=C(S2)CCNC3=NC=NC4=C3SC=C4,O=C(Nc1cccc(Cl)c1)Nc1ncc(CCNc2ncnc3ccsc23)s1,O=C(Nc1cccc(Cl)c1)Nc1ncc(CCNc2ncnc3ccsc23)s1,1949,1.0
259,SNS-314 Mesylate,CHEMBL518051,CS(=O)(=O)O.C1=CC(=CC(=C1)Cl)NC(=O)NC2=NC=C(S2)CCNC3=NC=NC4=C3SC=C4,O=C(Nc1cccc(Cl)c1)Nc1ncc(CCNc2ncnc3ccsc23)s1,O=C(Nc1cccc(Cl)c1)Nc1ncc(CCNc2ncnc3ccsc23)s1,1949,1.0
260,Kinome_3673,CHEMBL1983923,CC1=CC(=NN1)NC2=NC(=NC(=C2)N3CCN(CC3)C)C=CC4=CC=CC=C4,Cc1cc(Nc2cc(N3CCN(C)CC3)nc(C=Cc3ccccc3)n2)n[nH]1,Cc1cc(Nc2cc(N3CCN(C)CC3)nc(C=Cc3ccccc3)n2)n[nH]1,1953,0.0
261,Perifosine,CHEMBL372764,CCCCCCCCCCCCCCCCCCOP(=O)([O-])OC1CC[N+](CC1)(C)C,CCCCCCCCCCCCCCCCCCOP(=O)([O-])OC1CC[N+](C)(C)CC1,CCCCCCCCCCCCCCCCCCOP(=O)([O-])OC1CC[N+](C)(C)CC1,2015,3.0
262,Enzastaurin,CHEMBL300138,CN1C=C(C2=CC=CC=C21)C3=C(C(=O)NC3=O)C4=CN(C5=CC=CC=C54)C6CCN(CC6)CC7=CC=CC=N7,Cn1cc(C2=C(c3cn(C4CCN(Cc5ccccn5)CC4)c4ccccc34)C(=O)NC2=O)c2ccccc21,Cn1cc(C2=C(c3cn(C4CCN(Cc5ccccn5)CC4)c4ccccc34)C(=O)NC2=O)c2ccccc21,2032,3.0
263,BI-D1870,CHEMBL573107,CC1C(=O)N(C2=CN=C(N=C2N1CCC(C)C)NC3=CC(=C(C(=C3)F)O)F)C,CC(C)CCN1c2nc(Nc3cc(F)c(O)c(F)c3)ncc2N(C)C(=O)C1C,CC(C)CCN1c2nc(Nc3cc(F)c(O)c(F)c3)ncc2N(C)C(=O)C1C,2042,0.0
264,PF-04217903,CHEMBL2001019,C1=CC2=C(C=CC(=C2)CN3C4=NC(=CN=C4N=N3)C5=CN(N=C5)CCO)N=C1,OCCn1cc(-c2cnc3nnn(Cc4ccc5ncccc5c4)c3n2)cn1,OCCn1cc(-c2cnc3nnn(Cc4ccc5ncccc5c4)c3n2)cn1,2045,1.0
265,Sepantronium,CHEMBL2110734,CC1=[N+](C2=C(N1CCOC)C(=O)C3=CC=CC=C3C2=O)CC4=NC=CN=C4,COCCn1c2c([n+](Cc3cnccn3)c1C)C(=O)c1ccccc1C2=O,COCCn1c2c([n+](Cc3cnccn3)c1C)C(=O)c1ccccc1C2=O,2091,2.0
266,781661-94-7,CHEMBL2105734,CC1=[N+](C2=C(N1CCOC)C(=O)C3=CC=CC=C3C2=O)CC4=NC=CN=C4.[Br-],COCCn1c2c([n+](Cc3cnccn3)c1C)C(=O)c1ccccc1C2=O,COCCn1c2c([n+](Cc3cnccn3)c1C)C(=O)c1ccccc1C2=O,2091,2.0
267,Navitoclax,CHEMBL443684,CC1(CCC(=C(C1)CN2CCN(CC2)C3=CC=C(C=C3)C(=O)NS(=O)(=O)C4=CC(=C(C=C4)NC(CCN5CCOCC5)CSC6=CC=CC=C6)S(=O)(=O)C(F)(F)F)C7=CC=C(C=C7)Cl)C,CC1(C)CCC(c2ccc(Cl)cc2)=C(CN2CCN(c3ccc(C(=O)NS(=O)(=O)c4ccc(NC(CCN5CCOCC5)CSc5ccccc5)c(S(=O)(=O)C(F)(F)F)c4)cc3)CC2)C1,CC1(C)CCC(c2ccc(Cl)cc2)=C(CN2CCN(c3ccc(C(=O)NS(=O)(=O)c4ccc(NC(CCN5CCOCC5)CSc5ccccc5)c(S(=O)(=O)C(F)(F)F)c4)cc3)CC2)C1,2095,2.0
268,AZD7762,CHEMBL2041933,C1CC(CNC1)NC(=O)C2=C(C=C(S2)C3=CC(=CC=C3)F)NC(=O)N,NC(=O)Nc1cc(-c2cccc(F)c2)sc1C(=O)NC1CCCNC1,NC(=O)Nc1cc(-c2cccc(F)c2)sc1C(=O)NC1CCCNC1,2802,1.0
269,Selumetinib,CHEMBL1614701,CN1C=NC2=C1C=C(C(=C2F)NC3=C(C=C(C=C3)Br)Cl)C(=O)NOCCO,Cn1cnc2c(F)c(Nc3ccc(Br)cc3Cl)c(C(=O)NOCCO)cc21,Cn1cnc2c(F)c(Nc3ccc(Br)cc3Cl)c(C(=O)NOCCO)cc21,3049,3.0
270,Veliparib,CHEMBL506871,CC1(CCCN1)C2=NC3=C(C=CC=C3N2)C(=O)N,CC1(c2nc3c(C(N)=O)cccc3[nH]2)CCCN1,CC1(c2nc3c(C(N)=O)cccc3[nH]2)CCCN1,3059,3.0
271,915019-65-7,CHEMBL1879463,CC(C)(C#N)C1=CC=C(C=C1)N2C3=C4C=C(C=CC4=NC=C3N(C2=O)C)C5=CC6=CC=CC=C6N=C5,Cn1c(=O)n(-c2ccc(C(C)(C)C#N)cc2)c2c3cc(-c4cnc5ccccc5c4)ccc3ncc21,Cn1c(=O)n(-c2ccc(C(C)(C)C#N)cc2)c2c3cc(-c4cnc5ccccc5c4)ccc3ncc21,3117,2.0
272,MK-1775,CHEMBL1976040,CC(C)(C1=NC(=CC=C1)N2C3=NC(=NC=C3C(=O)N2CC=C)NC4=CC=C(C=C4)N5CCN(CC5)C)O,C=CCn1c(=O)c2cnc(Nc3ccc(N4CCN(C)CC4)cc3)nc2n1-c1cccc(C(C)(C)O)n1,C=CCn1c(=O)c2cnc(Nc3ccc(N4CCN(C)CC4)cc3)nc2n1-c1cccc(C(C)(C)O)n1,3198,2.0
273,Triethylenemelamine,CHEMBL502384,C1CN1C2=NC(=NC(=N2)N3CC3)N4CC4,C1CN1c1nc(N2CC2)nc(N2CC2)n1,C1CN1c1nc(N2CC2)nc(N2CC2)n1,3630,0.0
274,MK-2206,CHEMBL1079175,C1CC(C1)(C2=CC=C(C=C2)C3=C(C=C4C(=N3)C=CN5C4=NNC5=O)C6=CC=CC=C6)N,NC1(c2ccc(-c3nc4ccn5c(=O)[nH]nc5c4cc3-c3ccccc3)cc2)CCC1,NC1(c2ccc(-c3nc4ccn5c(=O)[nH]nc5c4cc3-c3ccccc3)cc2)CCC1,3839,2.0
275,1032350-13-2,,C1CC(C1)(C2=CC=C(C=C2)C3=C(C=C4C(=N3)C=CN5C4=NNC5=O)C6=CC=CC=C6)N.Cl.Cl,NC1(c2ccc(-c3nc4ccn5c(=O)[nH]nc5c4cc3-c3ccccc3)cc2)CCC1,NC1(c2ccc(-c3nc4ccn5c(=O)[nH]nc5c4cc3-c3ccccc3)cc2)CCC1,3839,2.0
276,Ixabepilone,CHEMBL1201752,CC1CCCC2(C(O2)CC(NC(=O)CC(C(C(=O)C(C1O)C)(C)C)O)C(=CC3=CSC(=N3)C)C)C,CC(=Cc1csc(C)n1)C1CC2OC2(C)CCCC(C)C(O)C(C)C(=O)C(C)(C)C(O)CC(=O)N1,CC(=Cc1csc(C)n1)C1CC2OC2(C)CCCC(C)C(O)C(C)C(=O)C(C)(C)C(O)CC(=O)N1,3969,4.0
277,SCHEMBL16606206,,CC1C(C(CC(O1)OC2CC(CC3=C(C4=C(C(=C23)O)C(=O)C5=CC=CC=C5C4=O)O)(C(=O)C)O)N)O,CC(=O)C1(O)Cc2c(O)c3c(c(O)c2C(OC2CC(N)C(O)C(C)O2)C1)C(=O)c1ccccc1C3=O,CC(=O)C1(O)Cc2c(O)c3c(c(O)c2C(OC2CC(N)C(O)C(C)O2)C1)C(=O)c1ccccc1C3=O,3982,0.0
278,actinomycin D,CHEMBL412030,CC1C(C(=O)NC(C(=O)N2CCCC2C(=O)N(CC(=O)N(C(C(=O)O1)C(C)C)C)C)C(C)C)NC(=O)C3=C4C(=C(C=C3)C)OC5=C(C(=O)C(=C(C5=N4)C(=O)NC6C(OC(=O)C(N(C(=O)CN(C(=O)C7CCCN7C(=O)C(NC6=O)C(C)C)C)C)C(C)C)C)N)C,Cc1c2oc3c(C)ccc(C(=O)NC4C(=O)NC(C(C)C)C(=O)N5CCCC5C(=O)N(C)CC(=O)N(C)C(C(C)C)C(=O)OC4C)c3nc-2c(C(=O)NC2C(=O)NC(C(C)C)C(=O)N3CCCC3C(=O)N(C)CC(=O)N(C)C(C(C)C)C(=O)OC2C)c(N)c1=O,Cc1c2oc3c(C)ccc(C(=O)NC4C(=O)NC(C(C)C)C(=O)N5CCCC5C(=O)N(C)CC(=O)N(C)C(C(C)C)C(=O)OC4C)c3nc-2c(C(=O)NC2C(=O)NC(C(C)C)C(=O)N3CCCC3C(=O)N(C)CC(=O)N(C)C(C(C)C)C(=O)OC2C)c(N)c1=O,4002,4.0
279,Antibiotic AD 32,CHEMBL20225,CCCCC(=O)OCC(=O)C1(CC(C2=C(C3=C(C(=C2C1)O)C(=O)C4=C(C3=O)C(=CC=C4)OC)O)OC5CC(C(C(O5)C)O)NC(=O)C(F)(F)F)O,CCCCC(=O)OCC(=O)C1(O)Cc2c(O)c3c(c(O)c2C(OC2CC(NC(=O)C(F)(F)F)C(O)C(C)O2)C1)C(=O)c1c(OC)cccc1C3=O,CCCCC(=O)OCC(=O)C1(O)Cc2c(O)c3c(c(O)c2C(OC2CC(NC(=O)C(F)(F)F)C(O)C(C)O2)C1)C(=O)c1c(OC)cccc1C3=O,4006,0.0
280,procarbazine,CHEMBL1321,CC(C)NC(=O)C1=CC=C(C=C1)CNNC,CNNCc1ccc(C(=O)NC(C)C)cc1,CNNCc1ccc(C(=O)NC(C)C)cc1,4075,4.0
281,Procarbazine hydrochloride,CHEMBL1200410,CC(C)NC(=O)C1=CC=C(C=C1)CNNC.Cl,CNNCc1ccc(C(=O)NC(C)C)cc1,CNNCc1ccc(C(=O)NC(C)C)cc1,4075,4.0
282,MITHRAMYCIN,CHEMBL1237054,CC1C(C(CC(O1)OC2CC(OC(C2O)C)OC3=CC4=CC5=C(C(=O)C(C(C5)C(C(=O)C(C(C)O)O)OC)OC6CC(C(C(O6)C)O)OC7CC(C(C(O7)C)O)OC8CC(C(C(O8)C)O)(C)O)C(=C4C(=C3C)O)O)O)O,COC(C(=O)C(O)C(C)O)C1Cc2cc3cc(OC4CC(OC5CC(O)C(O)C(C)O5)C(O)C(C)O4)c(C)c(O)c3c(O)c2C(=O)C1OC1CC(OC2CC(OC3CC(C)(O)C(O)C(C)O3)C(O)C(C)O2)C(O)C(C)O1,COC(C(=O)C(O)C(C)O)C1Cc2cc3cc(OC4CC(OC5CC(O)C(O)C(C)O5)C(O)C(C)O4)c(C)c(O)c3c(O)c2C(=O)C1OC1CC(OC2CC(OC3CC(C)(O)C(O)C(C)O3)C(O)C(C)O2)C(O)C(C)O1,4099,2.0
283,Tamoxifen citrate,CHEMBL786,CCC(=C(C1=CC=CC=C1)C2=CC=C(C=C2)OCCN(C)C)C3=CC=CC=C3.C(C(=O)O)C(CC(=O)O)(C(=O)O)O,CCC(=C(c1ccccc1)c1ccc(OCCN(C)C)cc1)c1ccccc1.O=C(O)CC(O)(CC(=O)O)C(=O)O,CCC(=C(c1ccccc1)c1ccc(OCCN(C)C)cc1)c1ccccc1.O=C(O)CC(O)(CC(=O)O)C(=O)O,4119,4.0
284,Bendamustine,CHEMBL487253,CN1C2=C(C=C(C=C2)N(CCCl)CCCl)N=C1CCCC(=O)O,Cn1c(CCCC(=O)O)nc2cc(N(CCCl)CCCl)ccc21,Cn1c(CCCC(=O)O)nc2cc(N(CCCl)CCCl)ccc21,4136,4.0
285,Bendamustine hydrochloride,CHEMBL1201734,CN1C2=C(C=C(C=C2)N(CCCl)CCCl)N=C1CCCC(=O)O.Cl,Cn1c(CCCC(=O)O)nc2cc(N(CCCl)CCCl)ccc21,Cn1c(CCCC(=O)O)nc2cc(N(CCCl)CCCl)ccc21,4136,4.0
286,letrozole,CHEMBL1444,C1=CC(=CC=C1C#N)C(C2=CC=C(C=C2)C#N)N3C=NC=N3,N#Cc1ccc(C(c2ccc(C#N)cc2)n2cncn2)cc1,N#Cc1ccc(C(c2ccc(C#N)cc2)n2cncn2)cc1,4148,4.0
287,thiotepa,CHEMBL671,C1CN1P(=S)(N2CC2)N3CC3,S=P(N1CC1)(N1CC1)N1CC1,S=P(N1CC1)(N1CC1)N1CC1,4149,4.0
288,955-24-8,,C1C(C(OC1N2C=C(C(=O)NC2=O)F)CO)O,O=c1[nH]c(=O)n(C2CC(O)C(CO)O2)cc1F,O=c1[nH]c(=O)n(C2CC(O)C(CO)O2)cc1F,4151,0.0
289,Imatinib,CHEMBL941,CC1=C(C=C(C=C1)NC(=O)C2=CC=C(C=C2)CN3CCN(CC3)C)NC4=NC=CC(=N4)C5=CN=CC=C5,Cc1ccc(NC(=O)c2ccc(CN3CCN(C)CC3)cc2)cc1Nc1nccc(-c2cccnc2)n1,Cc1ccc(NC(=O)c2ccc(CN3CCN(C)CC3)cc2)cc1Nc1nccc(-c2cccnc2)n1,4151,4.0
290,Imatinib mesylate,CHEMBL1642,CC1=C(C=C(C=C1)NC(=O)C2=CC=C(C=C2)CN3CCN(CC3)C)NC4=NC=CC(=N4)C5=CN=CC=C5.CS(=O)(=O)O,Cc1ccc(NC(=O)c2ccc(CN3CCN(C)CC3)cc2)cc1Nc1nccc(-c2cccnc2)n1,Cc1ccc(NC(=O)c2ccc(CN3CCN(C)CC3)cc2)cc1Nc1nccc(-c2cccnc2)n1,4151,4.0
291,11-cis Retinoic Acid,CHEMBL1235644,CC1=C(C(CCC1)(C)C)C=CC(=CC=CC(=CC(=O)O)C)C,CC(C=CC1=C(C)CCCC1(C)C)=CC=CC(C)=CC(=O)O,CC(C=CC1=C(C)CCCC1(C)C)=CC=CC(C)=CC(=O)O,4152,1.0
292,celecoxib,CHEMBL118,CC1=CC=C(C=C1)C2=CC(=NN2C3=CC=C(C=C3)S(=O)(=O)N)C(F)(F)F,Cc1ccc(-c2cc(C(F)(F)F)nn2-c2ccc(S(N)(=O)=O)cc2)cc1,Cc1ccc(-c2cc(C(F)(F)F)nn2-c2ccc(S(N)(=O)=O)cc2)cc1,4153,4.0
293,5-Aminolevulinic acid hydrochloride,CHEMBL1200582,C(CC(=O)O)C(=O)CN.Cl,NCC(=O)CCC(=O)O,NCC(=O)CCC(=O)O,4155,4.0
294,Cladribine,CHEMBL1619,C1C(C(OC1N2C=NC3=C2N=C(N=C3N)Cl)CO)O,Nc1nc(Cl)nc2c1ncn2C1CC(O)C(CO)O1,Nc1nc(Cl)nc2c1ncn2C1CC(O)C(CO)O1,4157,4.0
295,CHEMBL3349004,CHEMBL3349004,C1C(C(OC1N2C=NC3=C2NC=NCC3O)CO)O,OCC1OC(n2cnc3c2NC=NCC3O)CC1O,OCC1OC(n2cnc3c2NC=NCC3O)CC1O,4165,0.0
296,mechlorethamine,CHEMBL427,CN(CCCl)CCCl,CN(CCCl)CCCl,CN(CCCl)CCCl,4180,4.0
297,55-86-7,CHEMBL1201001,CN(CCCl)CCCl.Cl,CN(CCCl)CCCl,CN(CCCl)CCCl,4180,4.0
298,carmustine,CHEMBL513,C(CCl)NC(=O)N(CCCl)N=O,O=NN(CCCl)C(=O)NCCCl,O=NN(CCCl)C(=O)NCCCl,4187,4.0
299,hydroxyurea,CHEMBL467,C(=O)(N)NO,NC(=O)NO,NC(=O)NO,4187,4.0
300,amifostine,CHEMBL1006,C(CN)CNCCSP(=O)(O)O,NCCCNCCSP(=O)(O)O,NCCCNCCSP(=O)(O)O,4191,4.0
301,pipobroman,CHEMBL1585,C1CN(CCN1C(=O)CCBr)C(=O)CCBr,O=C(CCBr)N1CCN(C(=O)CCBr)CC1,O=C(CCBr)N1CCN(C(=O)CCBr)CC1,4191,4.0
302,busulfan,CHEMBL820,CS(=O)(=O)OCCCCOS(=O)(=O)C,CS(=O)(=O)OCCCCOS(C)(=O)=O,CS(=O)(=O)OCCCCOS(C)(=O)=O,4193,4.0
303,IMIQUIMOD,CHEMBL1282,CC(C)CN1C=NC2=C1C3=CC=CC=C3N=C2N,CC(C)Cn1cnc2c(N)nc3ccccc3c21,CC(C)Cn1cnc2c(N)nc3ccccc3c21,4197,4.0
304,6-Mercaptopurine,CHEMBL1425,C1=NC2=C(N1)C(=S)N=CN2,S=c1nc[nH]c2nc[nH]c12,S=c1nc[nH]c2nc[nH]c12,4198,4.0
305,thalidomide,CHEMBL468,C1CC(=O)NC(=O)C1N2C(=O)C3=CC=CC=C3C2=O,O=C1CCC(N2C(=O)c3ccccc3C2=O)C(=O)N1,O=C1CCC(N2C(=O)c3ccccc3C2=O)C(=O)N1,4205,4.0
306,ifosfamide,CHEMBL1024,C1CN(P(=O)(OC1)NCCCl)CCCl,O=P1(NCCCl)OCCCN1CCCl,O=P1(NCCCl)OCCCN1CCCl,4206,4.0
307,methoxsalen,CHEMBL416,COC1=C2C(=CC3=C1OC=C3)C=CC(=O)O2,COc1c2occc2cc2ccc(=O)oc12,COc1c2occc2cc2ccc(=O)oc12,4207,4.0
308,Zanosar,CHEMBL1977579,CN(C(=O)NC(C=O)C(C(C(CO)O)O)O)N=O,CN(N=O)C(=O)NC(C=O)C(O)C(O)C(O)CO,CN(N=O)C(=O)NC(C=O)C(O)C(O)C(O)CO,4207,0.0
309,cytidine,CHEMBL95606,C1=CN(C(=O)N=C1N)C2C(C(C(O2)CO)O)O,Nc1ccn(C2OC(CO)C(O)C2O)c(=O)n1,Nc1ccn(C2OC(CO)C(O)C2O)c(=O)n1,4208,2.0
310,CYTARABINE HYDROCHLORIDE,CHEMBL1256472,C1=CN(C(=O)N=C1N)C2C(C(C(O2)CO)O)O.Cl,Nc1ccn(C2OC(CO)C(O)C2O)c(=O)n1,Nc1ccn(C2OC(CO)C(O)C2O)c(=O)n1,4208,3.0
311,Pralatrexate,CHEMBL1201746,C#CCC(CC1=CN=C2C(=N1)C(=NC(=N2)N)N)C3=CC=C(C=C3)C(=O)NC(CCC(=O)O)C(=O)O,C#CCC(Cc1cnc2nc(N)nc(N)c2n1)c1ccc(C(=O)NC(CCC(=O)O)C(=O)O)cc1,C#CCC(Cc1cnc2nc(N)nc(N)c2n1)c1ccc(C(=O)NC(CCC(=O)O)C(=O)O)cc1,4210,4.0
312,Zoledronic acid,CHEMBL924,C1=CN(C=N1)CC(O)(P(=O)(O)O)P(=O)(O)O,O=P(O)(O)C(O)(Cn1ccnc1)P(=O)(O)O,O=P(O)(O)C(O)(Cn1ccnc1)P(=O)(O)O,4216,4.0
313,Quinacrine hydrochloride,CHEMBL556980,CCN(CC)CCCC(C)NC1=C2C=C(C=CC2=NC3=C1C=CC(=C3)Cl)OC.Cl,CCN(CC)CCCC(C)Nc1c2ccc(Cl)cc2nc2ccc(OC)cc12,CCN(CC)CCCC(C)Nc1c2ccc(Cl)cc2nc2ccc(OC)cc12,4220,0.0
314,allopurinol,CHEMBL1467,C1=C2C(=NC=NC2=O)NN1; C1=NNC2=C1C(=O)NC=N2,O=c1ncnc2[nH][nH]cc1-2,O=c1ncnc2[nH][nH]cc1-2,4237,4.0
315,Nelarabine,CHEMBL1201112,COC1=NC(=NC2=C1N=CN2C3C(C(C(O3)CO)O)O)N,COc1nc(N)nc2c1ncn2C1OC(CO)C(O)C1O,COc1nc(N)nc2c1ncn2C1OC(CO)C(O)C1O,4260,4.0
316,NCGC00346501-01,,CC1=C(N=C(N=C1N)C(CC(=O)N)NCC(C(=O)N)N)C(=O)NC(C(C2=CN=CN2)OC3C(C(C(C(O3)CO)O)O)OC4C(C(C(C(O4)CO)O)OC(=O)N)O)C(=O)NC(C)C(C(C)C(=O)NC(C(C)O)C(=O)NCCC5=NC(=CS5)C6=NC(=CS6)C(=O)NCCC[S+](C)C)O,Cc1c(N)nc(C(CC(N)=O)NCC(N)C(N)=O)nc1C(=O)NC(C(=O)NC(C)C(O)C(C)C(=O)NC(C(=O)NCCc1nc(-c2nc(C(=O)NCCC[S+](C)C)cs2)cs1)C(C)O)C(OC1OC(CO)C(O)C(O)C1OC1OC(CO)C(O)C(OC(N)=O)C1O)c1cnc[nH]1,Cc1c(N)nc(C(CC(N)=O)NCC(N)C(N)=O)nc1C(=O)NC(C(=O)NC(C)C(O)C(C)C(=O)NC(C(=O)NCCc1nc(-c2nc(C(=O)NCCC[S+](C)C)cs2)cs1)C(C)O)C(OC1OC(CO)C(O)C(O)C1OC1OC(CO)C(O)C(OC(N)=O)C1O)c1cnc[nH]1,4270,0.0
317,Bleomycin sulfate,,CC1=C(N=C(N=C1N)C(CC(=O)N)NCC(C(=O)N)N)C(=O)NC(C(C2=CN=CN2)OC3C(C(C(C(O3)CO)O)O)OC4C(C(C(C(O4)CO)O)OC(=O)N)O)C(=O)NC(C)C(C(C)C(=O)NC(C(C)O)C(=O)NCCC5=NC(=CS5)C6=NC(=CS6)C(=O)NCCC[S+](C)C)O.OS(=O)(=O)[O-],Cc1c(N)nc(C(CC(N)=O)NCC(N)C(N)=O)nc1C(=O)NC(C(=O)NC(C)C(O)C(C)C(=O)NC(C(=O)NCCc1nc(-c2nc(C(=O)NCCC[S+](C)C)cs2)cs1)C(C)O)C(OC1OC(CO)C(O)C(O)C1OC1OC(CO)C(O)C(OC(N)=O)C1O)c1cnc[nH]1,Cc1c(N)nc(C(CC(N)=O)NCC(N)C(N)=O)nc1C(=O)NC(C(=O)NC(C)C(O)C(C)C(=O)NC(C(=O)NCCc1nc(-c2nc(C(=O)NCCC[S+](C)C)cs2)cs1)C(C)O)C(OC1OC(CO)C(O)C(O)C1OC1OC(CO)C(O)C(OC(N)=O)C1O)c1cnc[nH]1,4270,4.0
318,Capecitabine (Xeloda),,CCCCCOC(=O)NC1=NC(=O)N(C=C1F)C2C(C(C(O2)C)O)O,CCCCCOC(=O)Nc1nc(=O)n(C2OC(C)C(O)C2O)cc1F,CCCCCOC(=O)Nc1nc(=O)n(C2OC(C)C(O)C2O)cc1F,4275,4.0
319,128517-07-7,,CC=C1C(=O)NC(C(=O)OC2CC(=O)NC(C(=O)NC(CSSCCC=C2)C(=O)N1)C(C)C)C(C)C,CC=C1NC(=O)C2CSSCCC=CC(CC(=O)NC(C(C)C)C(=O)N2)OC(=O)C(C(C)C)NC1=O,CC=C1NC(=O)C2CSSCCC=CC(CC(=O)NC(C(C)C)C(=O)N2)OC(=O)C(C(C)C)NC1=O,4301,0.0
320,NCGC00021305-08,,CC1CCC2CC(C(=CC=CC=CC(CC(C(=O)C(C(C(=CC(C(=O)CC(OC(=O)C3CCCCN3C(=O)C(=O)C1(O2)O)C(C)CC4CCC(C(C4)OC)O)C)C)O)OC)C)C)C)OC,COC1CC2CCC(C)C(O)(O2)C(=O)C(=O)N2CCCCC2C(=O)OC(C(C)CC2CCC(O)C(OC)C2)CC(=O)C(C)C=C(C)C(O)C(OC)C(=O)C(C)CC(C)C=CC=CC=C1C,COC1CC2CCC(C)C(O)(O2)C(=O)C(=O)N2CCCCC2C(=O)OC(C(C)CC2CCC(O)C(OC)C2)CC(=O)C(C)C=C(C)C(O)C(OC)C(=O)C(C)CC(C)C=CC=CC=C1C,4318,0.0
321,Cl-F-araA,CHEMBL3142980,C1=NC2=C(N1C3C(C(C(O3)CO)O)F)N=C(N=C2N)Cl,Nc1nc(Cl)nc2c1ncn2C1OC(CO)C(O)C1F,Nc1nc(Cl)nc2c1ncn2C1OC(CO)C(O)C1F,4328,0.0
322,mitoxantrone,CHEMBL58,C1=CC(=C2C(=C1NCCNCCO)C(=O)C3=C(C=CC(=C3C2=O)O)O)NCCNCCO,O=C1c2c(O)ccc(O)c2C(=O)c2c(NCCNCCO)ccc(NCCNCCO)c21,O=C1c2c(O)ccc(O)c2C(=O)c2c(NCCNCCO)ccc(NCCNCCO)c21,4344,4.0
323,Mitoxantrone hydrochloride,CHEMBL1417019,C1=CC(=C2C(=C1NCCNCCO)C(=O)C3=C(C=CC(=C3C2=O)O)O)NCCNCCO.Cl.Cl,O=C1c2c(O)ccc(O)c2C(=O)c2c(NCCNCCO)ccc(NCCNCCO)c21,O=C1c2c(O)ccc(O)c2C(=O)c2c(NCCNCCO)ccc(NCCNCCO)c21,4344,4.0
324,Pemetrexed,CHEMBL225072,C1=CC(=CC=C1CCC2=CNC3=C2C(=O)N=C(N3)N)C(=O)NC(CCC(=O)O)C(=O)O; C1=CC(=CC=C1CCC2=CNC3=C2C(=O)NC(=N3)N)C(=O)NC(CCC(=O)O)C(=O)O,Nc1nc(=O)c2c(CCc3ccc(C(=O)NC(CCC(=O)O)C(=O)O)cc3)c[nH]c2[nH]1,Nc1nc(=O)c2c(CCc3ccc(C(=O)NC(CCC(=O)O)C(=O)O)cc3)c[nH]c2[nH]1,4348,4.0
325,FAZARABINE,CHEMBL2106666,C1=NC(=NC(=O)N1C2C(C(C(O2)CO)O)O)N,Nc1ncn(C2OC(CO)C(O)C2O)c(=O)n1,Nc1ncn(C2OC(CO)C(O)C2O)c(=O)n1,4358,0.0
326,CHEBI:94798,,CC1C(C(CC(O1)OC2CC(CC3=C(C4=C(C(=C23)O)C(=O)C5=C(C4=O)C=CC=C5OC)O)(C(=O)C)O)N)O,COc1cccc2c1C(=O)c1c(O)c3c(c(O)c1C2=O)CC(O)(C(C)=O)CC3OC1CC(N)C(O)C(C)O1,COc1cccc2c1C(=O)c1c(O)c3c(c(O)c1C2=O)CC(O)(C(C)=O)CC3OC1CC(N)C(O)C(C)O1,4359,0.0
327,23541-50-6,CHEMBL1563,CC1C(C(CC(O1)OC2CC(CC3=C(C4=C(C(=C23)O)C(=O)C5=C(C4=O)C=CC=C5OC)O)(C(=O)C)O)N)O.Cl,COc1cccc2c1C(=O)c1c(O)c3c(c(O)c1C2=O)CC(O)(C(C)=O)CC3OC1CC(N)C(O)C(C)O1,COc1cccc2c1C(=O)c1c(O)c3c(c(O)c1C2=O)CC(O)(C(C)=O)CC3OC1CC(N)C(O)C(C)O1,4359,4.0
328,Megestryl acetate,CHEMBL3348994,CC1=CC2C(CCC3(C2CCC3(C(=O)C)OC(=O)C)C)C4(C1=CC(=O)CC4)C,CC(=O)OC1(C(C)=O)CCC2C3C=C(C)C4=CC(=O)CCC4(C)C3CCC21C,CC(=O)OC1(C(C)=O)CCC2C3C=C(C)C4=CC(=O)CCC4(C)C3CCC21C,4374,0.0
329,NCGC00346563-01,,COC1=CC(=CC(=C1O)OC)C2C3C(COC3=O)C(C4=CC5=C(C=C24)OCO5)OC6C(C(C7C(O6)COC(O7)C8=CC=CS8)O)O,COc1cc(C2c3cc4c(cc3C(OC3OC5COC(c6cccs6)OC5C(O)C3O)C3COC(=O)C23)OCO4)cc(OC)c1O,COc1cc(C2c3cc4c(cc3C(OC3OC5COC(c6cccs6)OC5C(O)C3O)C3COC(=O)C23)OCO4)cc(OC)c1O,4374,0.0
330,melphalan,CHEMBL852,C1=CC(=CC=C1CC(C(=O)O)N)N(CCCl)CCCl,NC(Cc1ccc(N(CCCl)CCCl)cc1)C(=O)O,NC(Cc1ccc(N(CCCl)CCCl)cc1)C(=O)O,4378,4.0
331,Melphalan hydrochloride,CHEMBL1200863,C1=CC(=CC=C1CC(C(=O)O)N)N(CCCl)CCCl.Cl,NC(Cc1ccc(N(CCCl)CCCl)cc1)C(=O)O,NC(Cc1ccc(N(CCCl)CCCl)cc1)C(=O)O,4378,4.0
332,CHEMBL3348860,CHEMBL3348860,CC12CCC3C(C1CCC2=O)CC(=C)C4=CC(=O)C=CC34C,C=C1CC2C(CCC3(C)C(=O)CCC23)C2(C)C=CC(=O)C=C12,C=C1CC2C(CCC3(C)C(=O)CCC23)C2(C)C=CC(=O)C=C12,4379,0.0
333,Uramustine,CHEMBL1488,C1=C(C(=O)NC(=O)N1)N(CCCl)CCCl,O=c1[nH]cc(N(CCCl)CCCl)c(=O)[nH]1,O=c1[nH]cc(N(CCCl)CCCl)c(=O)[nH]1,4379,4.0
334,dacarbazine,CHEMBL476; CHEMBL1574179,CN(C)NN=C1C(=NC=N1)C(=O)N; CN(C)N=NC1=C(NC=N1)C(=O)N,CN(C)NN=C1N=CN=C1C(N)=O,CN(C)NN=C1N=CN=C1C(N)=O,4381,4.0
335,chlorambucil,CHEMBL515,C1=CC(=CC=C1CCCC(=O)O)N(CCCl)CCCl,O=C(O)CCCc1ccc(N(CCCl)CCCl)cc1,O=C(O)CCCc1ccc(N(CCCl)CCCl)cc1,4381,4.0
336,altretamine,CHEMBL1455,CN(C)C1=NC(=NC(=N1)N(C)C)N(C)C,CN(C)c1nc(N(C)C)nc(N(C)C)n1,CN(C)c1nc(N(C)C)nc(N(C)C)n1,4385,4.0
337,lomustine,CHEMBL514,C1CCC(CC1)NC(=O)N(CCCl)N=O,O=NN(CCCl)C(=O)NC1CCCCC1,O=NN(CCCl)C(=O)NC1CCCCC1,4385,4.0
338,Dexrazoxane,CHEMBL1738,CC(CN1CC(=O)NC(=O)C1)N2CC(=O)NC(=O)C2,CC(CN1CC(=O)NC(=O)C1)N1CC(=O)NC(=O)C1,CC(CN1CC(=O)NC(=O)C1)N1CC(=O)NC(=O)C1,4389,4.0
339,6-Thioguanine,CHEMBL727,C1=NC2=C(N1)C(=S)N=C(N2)N,Nc1nc(=S)c2[nH]cnc2[nH]1,Nc1nc(=S)c2[nH]cnc2[nH]1,4390,4.0
340,mitotane,CHEMBL1670,C1=CC=C(C(=C1)C(C2=CC=C(C=C2)Cl)C(Cl)Cl)Cl,Clc1ccc(C(c2ccccc2Cl)C(Cl)Cl)cc1,Clc1ccc(C(c2ccccc2Cl)C(Cl)Cl)cc1,4395,4.0
341,CABAZITAXEL,CHEMBL1201748,CC1=C2C(C(=O)C3(C(CC4C(C3C(C(C2(C)C)(CC1OC(=O)C(C(C5=CC=CC=C5)NC(=O)OC(C)(C)C)O)O)OC(=O)C6=CC=CC=C6)(CO4)OC(=O)C)OC)C)OC,COC1C(=O)C2(C)C(OC)CC3OCC3(OC(C)=O)C2C(OC(=O)c2ccccc2)C2(O)CC(OC(=O)C(O)C(NC(=O)OC(C)(C)C)c3ccccc3)C(C)=C1C2(C)C,COC1C(=O)C2(C)C(OC)CC3OCC3(OC(C)=O)C2C(OC(=O)c2ccccc2)C2(O)CC(OC(=O)C(O)C(NC(=O)OC(C)(C)C)c3ccccc3)C(C)=C1C2(C)C,4463,4.0
342,NCGC00263148-01,,CC12CCC(CC1=CCC3C2CCC4(C3CC=C4C5=CN=CC=C5)C)O,CC12CCC(O)CC1=CCC1C2CCC2(C)C(c3cccnc3)=CCC12,CC12CCC(O)CC1=CCC1C2CCC2(C)C(c3cccnc3)=CCC12,4589,0.0
343,Kinome_3641,CHEMBL1988437,CNC(=O)C1=CC=CC=C1SC2=CC3=C(C=C2)C(=NN3)C=CC4=CC=CC=N4,CNC(=O)c1ccccc1Sc1ccc2c(C=Cc3ccccn3)n[nH]c2c1,CNC(=O)c1ccccc1Sc1ccc2c(C=Cc3ccccn3)n[nH]c2c1,4620,0.0
344,NCGC00164789-05,,CC12CCC3C(C1CCC2O)C(CC4=C3C=CC(=C4)O)CCCCCCCCCS(=O)CCCC(C(F)(F)F)(F)F,CC12CCC3c4ccc(O)cc4CC(CCCCCCCCCS(=O)CCCC(F)(F)C(F)(F)F)C3C1CCC2O,CC12CCC3c4ccc(O)cc4CC(CCCCCCCCCS(=O)CCCC(F)(F)C(F)(F)F)C3C1CCC2O,4661,0.0
345,anastrozole,CHEMBL1399,CC(C)(C#N)C1=CC(=CC(=C1)CN2C=NC=N2)C(C)(C)C#N,CC(C)(C#N)c1cc(Cn2cncn2)cc(C(C)(C)C#N)c1,CC(C)(C#N)c1cc(Cn2cncn2)cc(C(C)(C)C#N)c1,4666,4.0
346,paclitaxel,CHEMBL428647,CC1=C2C(C(=O)C3(C(CC4C(C3C(C(C2(C)C)(CC1OC(=O)C(C(C5=CC=CC=C5)NC(=O)C6=CC=CC=C6)O)O)OC(=O)C7=CC=CC=C7)(CO4)OC(=O)C)O)C)OC(=O)C,CC(=O)OC1C(=O)C2(C)C(O)CC3OCC3(OC(C)=O)C2C(OC(=O)c2ccccc2)C2(O)CC(OC(=O)C(O)C(NC(=O)c3ccccc3)c3ccccc3)C(C)=C1C2(C)C,CC(=O)OC1C(=O)C2(C)C(O)CC3OCC3(OC(C)=O)C2C(OC(=O)c2ccccc2)C2(O)CC(OC(=O)C(O)C(NC(=O)c3ccccc3)c3ccccc3)C(C)=C1C2(C)C,4692,4.0
347,raloxifene,CHEMBL81,C1CCN(CC1)CCOC2=CC=C(C=C2)C(=O)C3=C(SC4=C3C=CC(=C4)O)C5=CC=C(C=C5)O,O=C(c1ccc(OCCN2CCCCC2)cc1)c1c(-c2ccc(O)cc2)sc2cc(O)ccc12,O=C(c1ccc(OCCN2CCCCC2)cc1)c1c(-c2ccc(O)cc2)sc2cc(O)ccc12,4713,4.0
348,RALOXIFENE HYDROCHLORIDE,CHEMBL1116,C1CCN(CC1)CCOC2=CC=C(C=C2)C(=O)C3=C(SC4=C3C=CC(=C4)O)C5=CC=C(C=C5)O.Cl,O=C(c1ccc(OCCN2CCCCC2)cc1)c1c(-c2ccc(O)cc2)sc2cc(O)ccc12,O=C(c1ccc(OCCN2CCCCC2)cc1)c1c(-c2ccc(O)cc2)sc2cc(O)ccc12,4713,4.0
349,methotrexate,CHEMBL34259,CN(CC1=CN=C2C(=N1)C(=NC(=N2)N)N)C3=CC=C(C=C3)C(=O)NC(CCC(=O)O)C(=O)O,CN(Cc1cnc2nc(N)nc(N)c2n1)c1ccc(C(=O)NC(CCC(=O)O)C(=O)O)cc1,CN(Cc1cnc2nc(N)nc(N)c2n1)c1ccc(C(=O)NC(CCC(=O)O)C(=O)O)cc1,4867,4.0
350,Gefitinib,CHEMBL939,COC1=C(C=C2C(=C1)N=CN=C2NC3=CC(=C(C=C3)F)Cl)OCCCN4CCOCC4,COc1cc2ncnc(Nc3ccc(F)c(Cl)c3)c2cc1OCCCN1CCOCC1,COc1cc2ncnc(Nc3ccc(F)c(Cl)c3)c2cc1OCCCN1CCOCC1,4895,4.0
351,Vandetanib,CHEMBL24828,CN1CCC(CC1)COC2=C(C=C3C(=C2)N=CN=C3NC4=C(C=C(C=C4)Br)F)OC,COc1cc2c(Nc3ccc(Br)cc3F)ncnc2cc1OCC1CCN(C)CC1,COc1cc2c(Nc3ccc(Br)cc3F)ncnc2cc1OCC1CCN(C)CC1,4937,4.0
352,NCGC00181306-03,,CC1=C2C(C(=O)C3(C(CC4C(C3C(C(C2(C)C)(CC1OC(=O)C(C(C5=CC=CC=C5)NC(=O)OC(C)(C)C)O)O)OC(=O)C6=CC=CC=C6)(CO4)OC(=O)C)O)C)O,CC(=O)OC12COC1CC(O)C1(C)C(=O)C(O)C3=C(C)C(OC(=O)C(O)C(NC(=O)OC(C)(C)C)c4ccccc4)CC(O)(C(OC(=O)c4ccccc4)C21)C3(C)C,CC(=O)OC12COC1CC(O)C1(C)C(=O)C(O)C3=C(C)C(OC(=O)C(O)C(NC(=O)OC(C)(C)C)c4ccccc4)CC(O)(C(OC(=O)c4ccccc4)C21)C3(C)C,4955,0.0
353,cyclophosphamide,CHEMBL88,C1CNP(=O)(OC1)N(CCCl)CCCl,O=P1(N(CCCl)CCCl)NCCCO1,O=P1(N(CCCl)CCCl)NCCCO1,4957,4.0
354,topotecan,CHEMBL84,CCC1(C2=C(COC1=O)C(=O)N3CC4=C(C3=C2)N=C5C=CC(=C(C5=C4)CN(C)C)O)O,CCC1(O)C(=O)OCc2c1cc1n(c2=O)Cc2cc3c(CN(C)C)c(O)ccc3nc2-1,CCC1(O)C(=O)OCc2c1cc1n(c2=O)Cc2cc3c(CN(C)C)c(O)ccc3nc2-1,4993,4.0
355,TOPOTECAN HYDROCHLORIDE,CHEMBL1607,CCC1(C2=C(COC1=O)C(=O)N3CC4=C(C3=C2)N=C5C=CC(=C(C5=C4)CN(C)C)O)O.Cl,CCC1(O)C(=O)OCc2c1cc1n(c2=O)Cc2cc3c(CN(C)C)c(O)ccc3nc2-1,CCC1(O)C(=O)OCc2c1cc1n(c2=O)Cc2cc3c(CN(C)C)c(O)ccc3nc2-1,4993,4.0
356,7-Ethyl-10-hydroxycamptothecin,CHEMBL837,CCC1=C2C=C(C=CC2=NC3=C1CN4C3=CC5=C(C4=O)COC(=O)C5(CC)O)O,CCc1c2c(nc3ccc(O)cc13)-c1cc3c(c(=O)n1C2)COC(=O)C3(O)CC,CCc1c2c(nc3ccc(O)cc13)-c1cc3c(c(=O)n1C2)COC(=O)C3(O)CC,5037,0.0
357,mitomycin C,CHEMBL105,CC1=C(C(=O)C2=C(C1=O)N3CC4C(C3(C2COC(=O)N)OC)N4)N,COC12C(COC(N)=O)C3=C(C(=O)C(C)=C(N)C3=O)N1CC1NC12,COC12C(COC(N)=O)C3=C(C(=O)C(C)=C(N)C3=O)N1CC1NC12,5062,4.0
358,5-Fluorouracil,CHEMBL185,C1=C(C(=O)NC(=O)N1)F,O=c1[nH]cc(F)c(=O)[nH]1,O=c1[nH]cc(F)c(=O)[nH]1,5099,4.0
359,Vemurafenib,CHEMBL1229517,CCCS(=O)(=O)NC1=C(C(=C(C=C1)F)C(=O)C2=CNC3=NC=C(C=C23)C4=CC=C(C=C4)Cl)F,CCCS(=O)(=O)Nc1ccc(F)c(C(=O)c2c[nH]c3ncc(-c4ccc(Cl)cc4)cc23)c1F,CCCS(=O)(=O)Nc1ccc(F)c(C(=O)c2c[nH]c3ncc(-c4ccc(Cl)cc4)cc23)c1F,5426,4.0
360,Fludarabine,CHEMBL1568,C1=NC2=C(N1C3C(C(C(O3)CO)O)O)N=C(N=C2N)F,Nc1nc(F)nc2c1ncn2C1OC(CO)C(O)C1O,Nc1nc(F)nc2c1ncn2C1OC(CO)C(O)C1O,5526,4.0
361,Pazopanib,CHEMBL477772,CC1=C(C=C(C=C1)NC2=NC=CC(=N2)N(C)C3=CC4=NN(C(=C4C=C3)C)C)S(=O)(=O)N,Cc1ccc(Nc2nccc(N(C)c3ccc4c(C)n(C)nc4c3)n2)cc1S(N)(=O)=O,Cc1ccc(Nc2nccc(N(C)c3ccc4c(C)n(C)nc4c3)n2)cc1S(N)(=O)=O,6026,4.0
362,Pazopanib hydrochloride,CHEMBL1201733,CC1=C(C=C(C=C1)NC2=NC=CC(=N2)N(C)C3=CC4=NN(C(=C4C=C3)C)C)S(=O)(=O)N.Cl,Cc1ccc(Nc2nccc(N(C)c3ccc4c(C)n(C)nc4c3)n2)cc1S(N)(=O)=O,Cc1ccc(Nc2nccc(N(C)c3ccc4c(C)n(C)nc4c3)n2)cc1S(N)(=O)=O,6026,4.0
363,Decitabine,CHEMBL1201129,C1C(C(OC1N2C=NC(=NC2=O)N)CO)O,Nc1ncn(C2CC(O)C(CO)O2)c(=O)n1,Nc1ncn(C2CC(O)C(CO)O2)c(=O)n1,6045,4.0
364,Nilotinib,CHEMBL255863,CC1=C(C=C(C=C1)C(=O)NC2=CC(=CC(=C2)N3C=C(N=C3)C)C(F)(F)F)NC4=NC=CC(=N4)C5=CN=CC=C5,Cc1cn(-c2cc(NC(=O)c3ccc(C)c(Nc4nccc(-c5cccnc5)n4)c3)cc(C(F)(F)F)c2)cn1,Cc1cn(-c2cc(NC(=O)c3ccc(C)c(Nc4nccc(-c5cccnc5)n4)c3)cc(C(F)(F)F)c2)cn1,6058,4.0
365,CHEMBL3348822,CHEMBL3348822,CC1CCC2CC(C(=CC=CC=CC(CC(C(=O)C(C(C(=CC(C(=O)CC(OC(=O)C3CCCCN3C(=O)C(=O)C1(O2)O)C(C)CC4CCC(C(C4)OC)OCCO)C)C)O)OC)C)C)C)OC,COC1CC2CCC(C)C(O)(O2)C(=O)C(=O)N2CCCCC2C(=O)OC(C(C)CC2CCC(OCCO)C(OC)C2)CC(=O)C(C)C=C(C)C(O)C(OC)C(=O)C(C)CC(C)C=CC=CC=C1C,COC1CC2CCC(C)C(O)(O2)C(=O)C(=O)N2CCCCC2C(=O)OC(C(C)CC2CCC(OCCO)C(OC)C2)CC(=O)C(C)C=C(C)C(O)C(OC)C(=O)C(C)CC(C)C=CC=CC=C1C,6060,0.0
366,Lenalidomide,CHEMBL848,C1CC(=O)NC(=O)C1N2CC3=C(C2=O)C=CC=C3N,Nc1cccc2c1CN(C1CCC(=O)NC1=O)C2=O,Nc1cccc2c1CN(C1CCC(=O)NC1=O)C2=O,6255,4.0
367,Vismodegib,CHEMBL473417,CS(=O)(=O)C1=CC(=C(C=C1)C(=O)NC2=CC(=C(C=C2)Cl)C3=CC=CC=N3)Cl,CS(=O)(=O)c1ccc(C(=O)Nc2ccc(Cl)c(-c3ccccn3)c2)c(Cl)c1,CS(=O)(=O)c1ccc(C(=O)Nc2ccc(Cl)c(-c3ccccn3)c2)c(Cl)c1,6406,4.0
368,Bortezomib,CHEMBL325041,B(C(CC(C)C)NC(=O)C(CC1=CC=CC=C1)NC(=O)C2=NC=CN=C2)(O)O,CC(C)CC(NC(=O)C(Cc1ccccc1)NC(=O)c1cnccn1)B(O)O,CC(C)CC(NC(=O)C(Cc1ccccc1)NC(=O)c1cnccn1)B(O)O,6597,4.0
369,Ruxolitinib,CHEMBL1789941,C1CCC(C1)C(CC#N)N2C=C(C=N2)C3=C4C=CNC4=NC=N3,N#CCC(C1CCCC1)n1cc(-c2ncnc3[nH]ccc23)cn1,N#CCC(C1CCCC1)n1cc(-c2ncnc3[nH]ccc23)cn1,6869,4.0
370,Lapatinib,CHEMBL554,CS(=O)(=O)CCNCC1=CC=C(O1)C2=CC3=C(C=C2)N=CN=C3NC4=CC(=C(C=C4)OCC5=CC(=CC=C5)F)Cl,CS(=O)(=O)CCNCc1ccc(-c2ccc3ncnc(Nc4ccc(OCc5cccc(F)c5)c(Cl)c4)c3c2)o1,CS(=O)(=O)CCNCc1ccc(-c2ccc3ncnc(Nc4ccc(OCc5cccc(F)c5)c(Cl)c4)c3c2)o1,6921,4.0
371,Lapatinib Ditosylate,,CC1=CC=C(C=C1)S(=O)(=O)O.CC1=CC=C(C=C1)S(=O)(=O)O.CS(=O)(=O)CCNCC1=CC=C(O1)C2=CC3=C(C=C2)N=CN=C3NC4=CC(=C(C=C4)OCC5=CC(=CC=C5)F)Cl,CS(=O)(=O)CCNCc1ccc(-c2ccc3ncnc(Nc4ccc(OCc5cccc(F)c5)c(Cl)c4)c3c2)o1,CS(=O)(=O)CCNCc1ccc(-c2ccc3ncnc(Nc4ccc(OCc5cccc(F)c5)c(Cl)c4)c3c2)o1,6921,3.0
372,GEMCITABINE HYDROCHLORIDE,CHEMBL1637,C1=CN(C(=O)N=C1N)C2C(C(C(O2)CO)O)(F)F.Cl,Nc1ccn(C2OC(CO)C(O)C2(F)F)c(=O)n1,Nc1ccn(C2OC(CO)C(O)C2(F)F)c(=O)n1,6974,4.0
373,gemcitabine,CHEMBL888,C1=CN(C(=O)N=C1N)C2C(C(C(O2)CO)O)(F)F,Nc1ccn(C2OC(CO)C(O)C2(F)F)c(=O)n1,Nc1ccn(C2OC(CO)C(O)C2(F)F)c(=O)n1,6974,4.0
374,342641-94-5,CHEMBL1990885,CCN(CC)CCNC(=O)C1=C(NC(=C1C)C=C2C3=C(C=CC(=C3)F)NC2=O)C,CCN(CC)CCNC(=O)c1c(C)[nH]c(C=C2C(=O)Nc3ccc(F)cc32)c1C,CCN(CC)CCNC(=O)c1c(C)[nH]c(C=C2C(=O)Nc3ccc(F)cc32)c1C,7042,0.0
375,CHEMBL3348857,CHEMBL3348857,CC1OCC2C(O1)C(C(C(O2)OC3C4COC(=O)C4C(C5=CC6=C(C=C35)OCO6)C7=CC(=C(C(=C7)OC)O)OC)O)O,COc1cc(C2c3cc4c(cc3C(OC3OC5COC(C)OC5C(O)C3O)C3COC(=O)C23)OCO4)cc(OC)c1O,COc1cc(C2c3cc4c(cc3C(OC3OC5COC(C)OC5C(O)C3O)C3COC(=O)C23)OCO4)cc(OC)c1O,7084,0.0
376,Sorafenib,CHEMBL1336,CNC(=O)C1=NC=CC(=C1)OC2=CC=C(C=C2)NC(=O)NC3=CC(=C(C=C3)Cl)C(F)(F)F,CNC(=O)c1cc(Oc2ccc(NC(=O)Nc3ccc(Cl)c(C(F)(F)F)c3)cc2)ccn1,CNC(=O)c1cc(Oc2ccc(NC(=O)Nc3ccc(Cl)c(C(F)(F)F)c3)cc2)ccn1,7096,4.0
377,Sorafenib tosylate,CHEMBL1200485,CC1=CC=C(C=C1)S(=O)(=O)O.CNC(=O)C1=NC=CC(=C1)OC2=CC=C(C=C2)NC(=O)NC3=CC(=C(C=C3)Cl)C(F)(F)F,CNC(=O)c1cc(Oc2ccc(NC(=O)Nc3ccc(Cl)c(C(F)(F)F)c3)cc2)ccn1,CNC(=O)c1cc(Oc2ccc(NC(=O)Nc3ccc(Cl)c(C(F)(F)F)c3)cc2)ccn1,7096,4.0
378,Erlotinib,CHEMBL553,COCCOC1=C(C=C2C(=C1)C(=NC=N2)NC3=CC=CC(=C3)C#C)OCCOC,C#Cc1cccc(Nc2ncnc3cc(OCCOC)c(OCCOC)cc23)c1,C#Cc1cccc(Nc2ncnc3cc(OCCOC)c(OCCOC)cc23)c1,7115,4.0
379,Erlotinib hydrochloride,CHEMBL1079742,COCCOC1=C(C=C2C(=C1)C(=NC=N2)NC3=CC=CC(=C3)C#C)OCCOC.Cl,C#Cc1cccc(Nc2ncnc3cc(OCCOC)c(OCCOC)cc23)c1,C#Cc1cccc(Nc2ncnc3cc(OCCOC)c(OCCOC)cc23)c1,7115,4.0
380,Dasatinib,CHEMBL1421,CC1=C(C(=CC=C1)Cl)NC(=O)C2=CN=C(S2)NC3=NC(=NC(=C3)N4CCN(CC4)CCO)C,Cc1nc(Nc2ncc(C(=O)Nc3c(C)cccc3Cl)s2)cc(N2CCN(CCO)CC2)n1,Cc1nc(Nc2ncc(C(=O)Nc3c(C)cccc3Cl)s2)cc(N2CCN(CCO)CC2)n1,7143,4.0
381,NCGC00018159-01,,CC1C(C(CC(O1)OC2CC(CC3=C(C4=C(C(=C23)O)C(=O)C5=C(C4=O)C=CC=C5OC)O)(C(=O)CO)O)N)O,COc1cccc2c1C(=O)c1c(O)c3c(c(O)c1C2=O)CC(O)(C(=O)CO)CC3OC1CC(N)C(O)C(C)O1,COc1cccc2c1C(=O)c1c(O)c3c(c(O)c1C2=O)CC(O)(C(=O)CO)CC3OC1CC(N)C(O)C(C)O1,7259,0.0
382,Doxorubicin Hydrochloride,CHEMBL359744,CC1C(C(CC(O1)OC2CC(CC3=C(C4=C(C(=C23)O)C(=O)C5=C(C4=O)C=CC=C5OC)O)(C(=O)CO)O)N)O.Cl,COc1cccc2c1C(=O)c1c(O)c3c(c(O)c1C2=O)CC(O)(C(=O)CO)CC3OC1CC(N)C(O)C(C)O1,COc1cccc2c1C(=O)c1c(O)c3c(c(O)c1C2=O)CC(O)(C(=O)CO)CC3OC1CC(N)C(O)C(C)O1,7259,4.0
383,NSC169534,CHEMBL263733,CC1C(C(CC(O1)OC2CC(CC3=C2C(=C4C(=C3O)C(=O)C5=C(C4=O)C(=CC=C5)OC)O)(C(=O)CO)O)N)O,COc1cccc2c1C(=O)c1c(O)c3c(c(O)c1C2=O)CC(O)(C(=O)CO)CC3OC1CC(N)C(O)C(C)O1,COc1cccc2c1C(=O)c1c(O)c3c(c(O)c1C2=O)CC(O)(C(=O)CO)CC3OC1CC(N)C(O)C(C)O1,7259,4.0
384,temozolomide,CHEMBL810,CN1C(=O)N2C=NC(=C2N=N1)C(=O)N,Cn1nnc2c(C(N)=O)ncn2c1=O,Cn1nnc2c(C(N)=O)ncn2c1=O,7294,4.0
385,Vorinostat,CHEMBL98,C1=CC=C(C=C1)NC(=O)CCCCCCC(=O)NO,O=C(CCCCCCC(=O)Nc1ccccc1)NO,O=C(CCCCCCC(=O)Nc1ccccc1)NO,7299,4.0
386,Crizotinib,CHEMBL601719,CC(C1=C(C=CC(=C1Cl)F)Cl)OC2=C(N=CC(=C2)C3=CN(N=C3)C4CCNCC4)N,CC(Oc1cc(-c2cnn(C3CCNCC3)c2)cnc1N)c1c(Cl)ccc(F)c1Cl,CC(Oc1cc(-c2cnn(C3CCNCC3)c2)cnc1N)c1c(Cl)ccc(F)c1Cl,7322,4.0
